const,log_Payload (kg),log_Launch Cost ($M),log_Price ($/kg),log_Funding_num,Country_Grouped_France,Country_Grouped_India,Country_Grouped_Other,Country_Grouped_United Kingdom,Country_Grouped_United States,LC_Heavy,LC_Medium,LC_Small,LC_Tourism,OA_LEO,TT_Balloon,TT_Other,TT_Plane,TT_Spaceplane,Funding_Missing,SFR
1.0,5.303304908059076,1.791759469228055,10.12667110305036,2.697663108215723,1.0,0.0,0.0,0.0,0.0,0.0,0.0,1.0,0.0,1.0,0.0,0.0,1.0,0.0,1.0,1.0
1.0,5.968707559985366,0.0,0.0,2.697663108215723,0.0,0.0,1.0,0.0,0.0,0.0,0.0,1.0,0.0,1.0,0.0,0.0,0.0,0.0,1.0,3.0
1.0,8.612685172875459,0.0,0.0,3.1354942159291497,0.0,0.0,1.0,0.0,0.0,0.0,1.0,0.0,0.0,1.0,0.0,0.0,0.0,1.0,0.0,4.0
1.0,6.580639137284949,0.0,0.0,4.23410650459726,0.0,1.0,0.0,0.0,0.0,0.0,0.0,1.0,0.0,1.0,0.0,0.0,0.0,0.0,0.0,5.0
1.0,2.833213344056216,0.18232155679395462,9.433563920090563,2.697663108215723,0.0,0.0,1.0,0.0,0.0,0.0,0.0,1.0,0.0,1.0,0.0,0.0,1.0,0.0,1.0,2.0
1.0,10.722407984014007,0.0,0.0,2.697663108215723,0.0,0.0,0.0,0.0,1.0,1.0,0.0,0.0,0.0,1.0,0.0,1.0,0.0,0.0,1.0,2.0
1.0,1.791759469228055,0.0,0.0,0.4054651081081644,0.0,0.0,0.0,0.0,1.0,0.0,0.0,1.0,0.0,1.0,0.0,1.0,0.0,0.0,0.0,4.0
1.0,5.375278407684165,2.0794415416798357,10.390809107114125,4.204692619390966,0.0,0.0,1.0,0.0,0.0,0.0,0.0,1.0,0.0,1.0,0.0,0.0,0.0,0.0,0.0,6.0
1.0,6.398594934535208,1.7047480922384253,8.922791623969637,1.8325814637483102,0.0,0.0,0.0,0.0,1.0,0.0,0.0,1.0,0.0,1.0,0.0,0.0,0.0,0.0,0.0,4.0
1.0,5.017279836814924,0.0,0.0,2.697663108215723,0.0,0.0,1.0,0.0,0.0,0.0,0.0,1.0,0.0,1.0,0.0,1.0,0.0,0.0,1.0,4.0
1.0,6.90875477931522,2.3978952727983707,9.210440366976517,5.198497031265826,0.0,0.0,1.0,0.0,0.0,0.0,0.0,1.0,0.0,1.0,0.0,0.0,0.0,0.0,0.0,6.0
1.0,3.6109179126442243,0.0,0.0,0.5423242908253616,0.0,0.0,0.0,0.0,1.0,0.0,0.0,1.0,0.0,0.0,0.0,0.0,0.0,0.0,0.0,9.0
1.0,5.860786223465865,0.0,0.0,0.5596157879354227,0.0,0.0,0.0,0.0,1.0,0.0,0.0,1.0,0.0,1.0,0.0,0.0,0.0,0.0,0.0,5.0
1.0,5.303304908059076,1.7047480922384253,10.021315031649332,2.697663108215723,0.0,0.0,1.0,0.0,0.0,0.0,0.0,1.0,0.0,1.0,0.0,0.0,0.0,0.0,1.0,2.0
1.0,2.3978952727983707,0.22314355131420976,10.12667110305036,0.6729444732424258,0.0,0.0,0.0,0.0,1.0,0.0,0.0,1.0,0.0,1.0,0.0,0.0,0.0,0.0,0.0,3.0
1.0,0.0,0.0,0.0,2.697663108215723,0.0,1.0,0.0,0.0,0.0,0.0,0.0,1.0,0.0,1.0,0.0,0.0,0.0,0.0,1.0,2.0
1.0,0.0,0.18232155679395462,0.0,0.4054651081081644,0.0,0.0,1.0,0.0,0.0,0.0,0.0,1.0,0.0,1.0,0.0,0.0,0.0,0.0,0.0,3.0
1.0,5.993961427306569,2.2082744135228043,9.915959454031448,0.20701416938432615,0.0,0.0,0.0,1.0,0.0,0.0,0.0,1.0,0.0,1.0,0.0,0.0,0.0,0.0,0.0,3.0
1.0,0.0,0.0,0.0,4.189654742026425,0.0,0.0,0.0,0.0,1.0,0.0,0.0,0.0,1.0,0.0,1.0,0.0,0.0,0.0,0.0,6.0
1.0,3.1354942159291497,0.0,0.0,2.697663108215723,0.0,0.0,0.0,0.0,1.0,0.0,0.0,1.0,0.0,1.0,1.0,0.0,0.0,0.0,1.0,2.0
1.0,3.713572066704308,0.4054651081081644,9.433563920090563,2.697663108215723,0.0,0.0,0.0,0.0,1.0,0.0,0.0,1.0,0.0,1.0,0.0,0.0,0.0,0.0,1.0,3.0
1.0,0.0,0.0,0.0,0.10436001532424277,0.0,0.0,0.0,0.0,1.0,0.0,0.0,0.0,0.0,0.0,0.0,1.0,0.0,0.0,0.0,1.0
1.0,5.017279836814924,0.0,0.0,2.697663108215723,0.0,0.0,0.0,0.0,1.0,0.0,0.0,1.0,0.0,1.0,0.0,0.0,0.0,0.0,1.0,2.0
1.0,6.651571873589727,2.3978952727983707,9.46792399660393,2.766319109226186,0.0,0.0,0.0,0.0,1.0,0.0,0.0,1.0,0.0,1.0,0.0,0.0,0.0,0.0,0.0,5.0
1.0,10.722407984014007,0.0,0.0,2.697663108215723,0.0,0.0,0.0,0.0,1.0,1.0,0.0,0.0,0.0,1.0,0.0,0.0,0.0,1.0,1.0,1.0
1.0,0.0,0.0,0.0,2.697663108215723,0.0,0.0,0.0,0.0,1.0,0.0,0.0,1.0,0.0,1.0,0.0,0.0,0.0,0.0,1.0,4.0
1.0,0.0,0.0,0.0,2.697663108215723,0.0,0.0,0.0,1.0,0.0,0.0,0.0,1.0,0.0,1.0,1.0,0.0,0.0,0.0,1.0,1.0
1.0,4.61512051684126,0.0,0.0,1.7119945007591926,0.0,0.0,1.0,0.0,0.0,0.0,0.0,1.0,0.0,1.0,0.0,0.0,0.0,1.0,0.0,6.0
1.0,9.90353755128617,0.0,0.0,2.697663108215723,0.0,0.0,0.0,0.0,0.0,1.0,0.0,0.0,0.0,1.0,0.0,0.0,0.0,0.0,1.0,1.0
1.0,0.0,0.0,0.0,2.697663108215723,0.0,0.0,1.0,0.0,0.0,0.0,0.0,1.0,0.0,1.0,0.0,0.0,0.0,0.0,1.0,0.0
1.0,6.68586094706836,0.0,0.0,2.697663108215723,0.0,0.0,0.0,1.0,0.0,0.0,0.0,1.0,0.0,1.0,0.0,0.0,1.0,0.0,1.0,2.0
1.0,0.0,0.0,0.0,2.697663108215723,0.0,0.0,0.0,0.0,1.0,0.0,0.0,1.0,0.0,1.0,0.0,0.0,0.0,0.0,1.0,4.0
1.0,6.2166061010848646,2.6100697927420065,10.134638955251866,1.766441661243765,0.0,0.0,0.0,1.0,0.0,0.0,0.0,1.0,0.0,1.0,0.0,0.0,0.0,0.0,0.0,6.0
1.0,5.5254529391317835,0.0,0.0,2.697663108215723,1.0,0.0,0.0,0.0,0.0,0.0,0.0,1.0,0.0,1.0,0.0,0.0,0.0,0.0,1.0,2.0
1.0,8.294299608857235,0.0,0.0,5.8924725979010315,0.0,0.0,0.0,0.0,0.0,0.0,1.0,1.0,0.0,1.0,0.0,0.0,0.0,0.0,0.0,7.0
1.0,6.68586094706836,0.0,0.0,2.697663108215723,1.0,0.0,0.0,0.0,0.0,0.0,0.0,1.0,0.0,1.0,0.0,0.0,0.0,0.0,1.0,3.0
1.0,0.0,0.0,0.0,2.697663108215723,0.0,0.0,1.0,0.0,0.0,0.0,0.0,0.0,1.0,0.0,1.0,0.0,0.0,0.0,1.0,2.0
1.0,4.394449154672439,0.0,0.0,0.6471032420585385,1.0,0.0,0.0,0.0,0.0,0.0,0.0,1.0,0.0,1.0,0.0,0.0,0.0,0.0,0.0,3.0
1.0,0.0,0.0,0.0,2.697663108215723,0.0,0.0,0.0,0.0,1.0,0.0,0.0,0.0,0.0,1.0,0.0,0.0,0.0,1.0,1.0,2.0
1.0,8.987321812850125,4.394449154672439,9.210440366976517,2.697663108215723,0.0,0.0,0.0,0.0,1.0,0.0,1.0,1.0,0.0,1.0,0.0,0.0,0.0,0.0,1.0,9.0
1.0,8.412054873292933,0.0,0.0,3.8416005411316,0.0,0.0,0.0,0.0,0.0,0.0,1.0,1.0,0.0,1.0,0.0,0.0,0.0,0.0,0.0,6.0
1.0,7.0909098220799835,0.0,0.0,0.26236426446749106,0.0,0.0,0.0,0.0,1.0,0.0,0.0,1.0,0.0,1.0,0.0,0.0,0.0,1.0,0.0,3.0
1.0,7.901377353792616,0.0,0.0,2.697663108215723,1.0,0.0,0.0,0.0,0.0,0.0,1.0,1.0,0.0,0.0,1.0,0.0,0.0,0.0,1.0,9.0
1.0,5.303304908059076,0.0,0.0,2.697663108215723,0.0,0.0,0.0,0.0,1.0,0.0,0.0,1.0,0.0,0.0,0.0,0.0,0.0,0.0,1.0,6.0
1.0,0.0,0.0,0.0,2.697663108215723,0.0,0.0,0.0,0.0,1.0,0.0,0.0,1.0,0.0,1.0,0.0,1.0,0.0,0.0,1.0,3.0
1.0,0.0,0.0,0.0,2.697663108215723,0.0,0.0,0.0,1.0,0.0,0.0,0.0,0.0,0.0,0.0,0.0,0.0,0.0,0.0,1.0,1.0
1.0,5.303304908059076,0.0,0.0,2.697663108215723,0.0,0.0,0.0,1.0,0.0,0.0,0.0,1.0,0.0,1.0,0.0,0.0,1.0,0.0,1.0,3.0
1.0,0.0,0.0,0.0,2.697663108215723,0.0,0.0,0.0,0.0,1.0,0.0,0.0,1.0,0.0,1.0,0.0,0.0,0.0,0.0,1.0,2.0
1.0,6.2166061010848646,2.3978952727983707,9.90353755128617,0.09531017980432487,0.0,0.0,0.0,1.0,0.0,0.0,0.0,1.0,0.0,1.0,0.0,0.0,0.0,0.0,0.0,2.0
1.0,5.303304908059076,0.0,0.0,2.697663108215723,0.0,0.0,0.0,0.0,1.0,0.0,0.0,1.0,0.0,1.0,0.0,0.0,0.0,0.0,1.0,2.0
1.0,9.90353755128617,5.14166355650266,9.04793908261736,2.697663108215723,0.0,0.0,1.0,0.0,0.0,1.0,1.0,0.0,0.0,1.0,0.0,0.0,0.0,0.0,1.0,9.0
1.0,7.0909098220799835,0.0,0.0,2.697663108215723,0.0,0.0,1.0,0.0,0.0,0.0,0.0,1.0,0.0,1.0,0.0,0.0,0.0,0.0,1.0,2.0
1.0,5.707110264748875,1.7119945007591926,9.624699147254466,2.0918640616783932,0.0,0.0,1.0,0.0,0.0,0.0,0.0,1.0,0.0,1.0,0.0,0.0,0.0,0.0,0.0,4.0
1.0,4.394449154672439,0.5653138090500605,9.15915233520675,0.09531017980432487,0.0,0.0,0.0,0.0,1.0,0.0,0.0,1.0,0.0,0.0,0.0,0.0,0.0,0.0,0.0,3.0
1.0,6.075346031088684,0.9162907318741551,0.0,2.697663108215723,0.0,0.0,1.0,0.0,0.0,0.0,0.0,0.0,1.0,0.0,0.0,0.0,0.0,0.0,1.0,4.0
1.0,6.90875477931522,3.044522437723423,9.90353755128617,3.380994674344636,0.0,0.0,1.0,0.0,0.0,0.0,0.0,1.0,0.0,1.0,0.0,0.0,0.0,0.0,0.0,5.0
1.0,5.707110264748875,0.0,0.0,2.697663108215723,0.0,0.0,0.0,0.0,1.0,0.0,0.0,1.0,0.0,1.0,0.0,0.0,1.0,0.0,1.0,1.0
1.0,4.61512051684126,0.0,0.0,2.3115448343655176,0.0,0.0,0.0,0.0,1.0,0.0,0.0,1.0,0.0,0.0,0.0,0.0,0.0,0.0,0.0,6.0
1.0,0.0,0.0,0.0,2.696652156149841,0.0,0.0,1.0,0.0,0.0,0.0,0.0,0.0,1.0,0.0,1.0,0.0,0.0,0.0,0.0,6.0
1.0,0.0,0.0,0.0,2.697663108215723,0.0,0.0,0.0,1.0,0.0,0.0,0.0,0.0,0.0,1.0,0.0,1.0,0.0,0.0,1.0,2.0
1.0,3.258096538021482,0.9932517730102834,11.127277689932466,2.697663108215723,0.0,0.0,0.0,0.0,1.0,0.0,0.0,1.0,0.0,1.0,0.0,0.0,0.0,0.0,1.0,2.0
1.0,3.828641396489095,0.0,0.0,2.697663108215723,0.0,0.0,1.0,0.0,0.0,0.0,0.0,1.0,0.0,0.0,0.0,0.0,0.0,0.0,1.0,7.0
1.0,6.2166061010848646,0.0,0.0,4.318820558770089,0.0,0.0,0.0,0.0,1.0,0.0,0.0,1.0,0.0,1.0,0.0,0.0,0.0,0.0,0.0,7.0
1.0,5.081404364984463,0.0,0.0,2.697663108215723,0.0,0.0,0.0,0.0,0.0,0.0,0.0,1.0,0.0,1.0,0.0,0.0,0.0,0.0,1.0,2.0
1.0,4.61512051684126,0.0,0.0,1.7884205679625405,0.0,0.0,1.0,0.0,0.0,0.0,0.0,1.0,0.0,0.0,0.0,0.0,0.0,1.0,0.0,4.0
1.0,7.313886831633462,1.3862943611198906,7.601402334583733,2.697663108215723,0.0,0.0,0.0,0.0,1.0,0.0,0.0,1.0,0.0,1.0,0.0,0.0,0.0,1.0,1.0,4.0
1.0,4.61512051684126,0.4054651081081644,8.517393171418904,5.017279836814924,0.0,0.0,0.0,0.0,1.0,0.0,0.0,1.0,0.0,1.0,0.0,1.0,0.0,0.0,0.0,6.0
1.0,0.0,0.0,0.0,2.697663108215723,0.0,0.0,0.0,0.0,1.0,0.0,0.0,0.0,0.0,1.0,0.0,1.0,0.0,0.0,1.0,3.0
1.0,0.0,0.0,10.12667110305036,2.697663108215723,0.0,0.0,0.0,0.0,1.0,0.0,0.0,1.0,0.0,1.0,0.0,0.0,1.0,0.0,1.0,3.0
1.0,6.90875477931522,0.0,0.0,2.9444389791664403,0.0,0.0,0.0,0.0,0.0,0.0,0.0,1.0,0.0,1.0,0.0,0.0,0.0,1.0,0.0,4.0
1.0,0.0,0.0,0.0,2.697663108215723,0.0,0.0,0.0,0.0,1.0,0.0,0.0,0.0,0.0,1.0,0.0,1.0,0.0,0.0,1.0,0.0
1.0,5.5254529391317835,1.6094379124341003,9.680406499268875,2.697663108215723,1.0,0.0,0.0,0.0,0.0,0.0,0.0,1.0,0.0,1.0,0.0,0.0,0.0,0.0,1.0,1.0
1.0,5.303304908059076,1.7047480922384253,10.021315031649332,2.697663108215723,0.0,0.0,0.0,0.0,0.0,0.0,0.0,1.0,0.0,1.0,0.0,0.0,0.0,0.0,1.0,5.0
1.0,0.0,0.0,5.707110264748875,2.697663108215723,0.0,0.0,0.0,0.0,1.0,0.0,0.0,0.0,0.0,1.0,0.0,0.0,0.0,0.0,1.0,3.0
1.0,5.017279836814924,0.0,0.0,2.697663108215723,0.0,1.0,0.0,0.0,0.0,0.0,0.0,1.0,0.0,1.0,0.0,0.0,0.0,0.0,1.0,2.0
1.0,5.303304908059076,0.0,0.0,2.697663108215723,0.0,0.0,0.0,0.0,1.0,0.0,0.0,1.0,0.0,1.0,0.0,0.0,0.0,1.0,1.0,0.0
1.0,4.61512051684126,0.7884573603642702,9.392745258631441,2.7459880404426023,0.0,1.0,0.0,0.0,0.0,0.0,0.0,1.0,0.0,1.0,0.0,0.0,0.0,0.0,0.0,4.0
1.0,7.725771441587952,0.0,0.0,3.349904087274605,0.0,0.0,0.0,0.0,1.0,0.0,1.0,0.0,0.0,1.0,0.0,0.0,0.0,1.0,0.0,4.0
1.0,5.303304908059076,1.4350845252893227,9.680406499268875,4.762173934797756,0.0,0.0,0.0,0.0,0.0,0.0,0.0,1.0,0.0,1.0,0.0,0.0,0.0,0.0,0.0,6.0
1.0,6.2166061010848646,2.172476407647025,9.65252306301951,2.3702437414678603,0.0,0.0,1.0,0.0,0.0,0.0,0.0,1.0,0.0,1.0,0.0,0.0,0.0,0.0,0.0,5.0
1.0,2.3978952727983707,0.0,0.0,2.697663108215723,0.0,0.0,1.0,0.0,0.0,0.0,0.0,1.0,0.0,1.0,0.0,0.0,0.0,0.0,1.0,2.0
1.0,3.9318256327243257,0.0,0.0,2.697663108215723,0.0,1.0,0.0,0.0,0.0,0.0,0.0,1.0,0.0,1.0,0.0,0.0,1.0,0.0,1.0,2.0
1.0,5.017279836814924,1.0986122886681096,9.498072443178005,2.4849066497880004,0.0,1.0,0.0,0.0,0.0,0.0,0.0,1.0,0.0,1.0,0.0,0.0,0.0,0.0,0.0,4.0
1.0,0.0,0.0,0.0,2.697663108215723,0.0,0.0,1.0,0.0,0.0,0.0,0.0,0.0,0.0,1.0,0.0,0.0,0.0,0.0,1.0,0.0
1.0,0.0,0.0,3.9318256327243257,2.697663108215723,0.0,0.0,0.0,0.0,1.0,0.0,0.0,0.0,0.0,1.0,0.0,1.0,0.0,0.0,1.0,2.0
1.0,5.303304908059076,0.0,0.0,2.697663108215723,0.0,0.0,0.0,0.0,1.0,0.0,0.0,1.0,0.0,1.0,0.0,0.0,0.0,0.0,1.0,2.0
1.0,5.017279836814924,0.0,10.308985993422082,0.7654678421395714,0.0,0.0,1.0,0.0,0.0,0.0,0.0,1.0,0.0,1.0,0.0,0.0,0.0,0.0,0.0,3.0
1.0,9.741027444837728,0.0,6.7580945044277305,4.568194949863196,0.0,0.0,0.0,1.0,0.0,0.0,1.0,0.0,0.0,1.0,0.0,0.0,0.0,1.0,0.0,5.0
1.0,8.517393171418904,0.0,9.575052927597383,5.497168225293202,0.0,0.0,0.0,0.0,0.0,0.0,1.0,1.0,0.0,1.0,0.0,0.0,0.0,0.0,0.0,9.0
1.0,0.0,0.0,0.0,2.697663108215723,0.0,0.0,1.0,0.0,0.0,0.0,0.0,0.0,0.0,1.0,0.0,0.0,0.0,0.0,1.0,1.0
1.0,0.0,0.0,0.0,2.697663108215723,0.0,0.0,1.0,0.0,0.0,0.0,0.0,0.0,0.0,0.0,0.0,0.0,0.0,1.0,1.0,1.0
1.0,5.3981627015177525,0.0,0.0,3.7020424406402173,0.0,0.0,0.0,1.0,0.0,0.0,0.0,1.0,0.0,1.0,0.0,0.0,0.0,0.0,0.0,5.0
1.0,5.5254529391317835,1.791759469228055,9.90353755128617,2.697663108215723,0.0,0.0,0.0,0.0,1.0,0.0,0.0,1.0,0.0,1.0,1.0,0.0,0.0,0.0,1.0,4.0
1.0,5.707110264748875,0.0,0.0,3.337192051686243,0.0,0.0,1.0,0.0,0.0,0.0,0.0,1.0,0.0,1.0,0.0,0.0,0.0,0.0,0.0,6.0
1.0,3.4339872044851463,0.6418538861723948,10.308985993422082,2.697663108215723,0.0,0.0,0.0,0.0,1.0,0.0,0.0,1.0,0.0,1.0,0.0,0.0,0.0,0.0,1.0,3.0
1.0,4.61512051684126,1.3862943611198906,10.308985993422082,2.697663108215723,0.0,0.0,1.0,0.0,0.0,0.0,0.0,1.0,0.0,1.0,0.0,0.0,0.0,0.0,1.0,4.0
1.0,8.006700845440367,0.0,0.0,2.697663108215723,0.0,0.0,0.0,0.0,1.0,0.0,1.0,0.0,0.0,1.0,0.0,0.0,0.0,1.0,1.0,1.0
1.0,5.484796933490655,0.0,0.0,2.697663108215723,0.0,0.0,0.0,0.0,0.0,0.0,0.0,1.0,0.0,1.0,0.0,0.0,0.0,0.0,1.0,1.0
1.0,4.61512051684126,0.6931471805599453,9.210440366976517,2.697663108215723,0.0,0.0,0.0,0.0,1.0,0.0,0.0,1.0,0.0,1.0,0.0,0.0,0.0,0.0,1.0,3.0
1.0,5.707110264748875,1.7749523509116738,9.70100410391822,5.5541604140252625,0.0,0.0,0.0,0.0,1.0,0.0,0.0,1.0,0.0,1.0,0.0,0.0,0.0,0.0,0.0,9.0
1.0,5.921578419643816,0.9162907318741551,8.302265794873367,2.697663108215723,0.0,0.0,0.0,0.0,1.0,0.0,0.0,0.0,1.0,0.0,0.0,0.0,0.0,1.0,1.0,9.0
1.0,0.0,0.0,0.0,2.697663108215723,0.0,0.0,0.0,0.0,1.0,0.0,0.0,1.0,0.0,1.0,0.0,1.0,0.0,0.0,1.0,1.0
1.0,6.2166061010848646,2.302585092994046,9.798182590890704,2.697663108215723,0.0,0.0,1.0,0.0,0.0,0.0,0.0,1.0,0.0,1.0,0.0,0.0,0.0,0.0,1.0,2.0
1.0,5.707110264748875,1.791759469228055,9.721245992542345,5.62040086571715,0.0,0.0,0.0,0.0,0.0,0.0,0.0,1.0,0.0,1.0,0.0,0.0,0.0,0.0,0.0,8.0
1.0,4.61512051684126,0.7884573603642702,9.392745258631441,0.5596157879354227,0.0,0.0,0.0,0.0,1.0,0.0,0.0,1.0,0.0,1.0,0.0,0.0,0.0,0.0,0.0,4.0
1.0,5.5254529391317835,0.0,0.0,2.697663108215723,0.0,0.0,1.0,0.0,0.0,0.0,0.0,1.0,0.0,0.0,0.0,0.0,0.0,1.0,1.0,1.0
1.0,7.048386408721883,0.0,0.0,2.697663108215723,0.0,0.0,1.0,0.0,0.0,0.0,0.0,1.0,0.0,1.0,0.0,0.0,0.0,1.0,1.0,2.0
1.0,4.330733340286331,0.0,8.517393171418904,2.697663108215723,0.0,0.0,1.0,0.0,0.0,0.0,0.0,1.0,0.0,0.0,0.0,0.0,0.0,0.0,1.0,1.0
1.0,3.4339872044851463,0.0,0.0,2.697663108215723,0.0,0.0,0.0,0.0,1.0,0.0,0.0,1.0,0.0,1.0,0.0,0.0,0.0,0.0,1.0,4.0
1.0,7.208600337960199,0.0,0.0,2.697663108215723,0.0,0.0,1.0,0.0,0.0,0.0,0.0,1.0,0.0,1.0,0.0,0.0,0.0,0.0,1.0,5.0
1.0,5.707110264748875,1.9459101490553132,9.90353755128617,2.697663108215723,0.0,0.0,0.0,0.0,1.0,0.0,0.0,1.0,0.0,1.0,0.0,0.0,0.0,0.0,1.0,3.0
1.0,8.77971129020447,0.0,0.0,5.152713392689245,0.0,0.0,0.0,0.0,0.0,0.0,1.0,0.0,0.0,1.0,0.0,0.0,0.0,0.0,0.0,5.0
1.0,5.017279836814924,0.0,0.0,2.697663108215723,0.0,1.0,0.0,0.0,0.0,0.0,0.0,1.0,0.0,1.0,0.0,0.0,0.0,0.0,1.0,0.0
1.0,6.90875477931522,2.302585092994046,9.105090961257085,2.302585092994046,0.0,0.0,0.0,0.0,1.0,0.0,0.0,1.0,0.0,1.0,0.0,0.0,0.0,0.0,0.0,5.0
1.0,8.517393171418904,3.828641396489095,9.105090961257085,2.697663108215723,0.0,0.0,1.0,0.0,0.0,0.0,1.0,0.0,0.0,1.0,0.0,0.0,0.0,0.0,1.0,5.0
1.0,10.12667110305036,1.62924053973028,5.10594547390058,0.06765864847381481,0.0,0.0,0.0,0.0,1.0,1.0,0.0,0.0,0.0,1.0,0.0,0.0,0.0,0.0,0.0,3.0
1.0,7.208600337960199,2.5649493574615367,9.09268232850795,6.042632833682381,0.0,0.0,0.0,0.0,1.0,0.0,0.0,1.0,0.0,1.0,0.0,0.0,0.0,0.0,0.0,7.0
1.0,3.9318256327243257,0.22314355131420976,8.517393171418904,2.697663108215723,0.0,0.0,0.0,0.0,1.0,0.0,0.0,1.0,0.0,0.0,0.0,0.0,0.0,0.0,1.0,5.0
1.0,0.0,0.0,0.0,2.697663108215723,0.0,0.0,1.0,0.0,0.0,0.0,0.0,0.0,0.0,1.0,0.0,1.0,0.0,0.0,1.0,0.0
1.0,11.05881093278828,3.367295829986474,6.091309882077698,2.697663108215723,0.0,0.0,0.0,0.0,1.0,1.0,1.0,0.0,0.0,1.0,0.0,0.0,0.0,1.0,1.0,2.0
1.0,3.9318256327243257,0.0,8.412054873292933,2.697663108215723,0.0,0.0,1.0,0.0,0.0,0.0,0.0,1.0,0.0,0.0,0.0,0.0,0.0,0.0,1.0,6.0
1.0,6.90875477931522,2.1972245773362196,8.987321812850125,2.697663108215723,0.0,0.0,1.0,0.0,0.0,0.0,0.0,1.0,0.0,1.0,0.0,0.0,0.0,0.0,1.0,1.0
1.0,6.523562306149512,0.0,0.0,2.697663108215723,0.0,0.0,0.0,0.0,1.0,0.0,0.0,1.0,0.0,1.0,0.0,0.0,1.0,0.0,1.0,0.0
1.0,5.707110264748875,1.599387576580599,9.485544922916851,2.697663108215723,0.0,0.0,0.0,0.0,1.0,0.0,0.0,1.0,0.0,1.0,0.0,0.0,0.0,0.0,1.0,9.0
1.0,4.189654742026425,1.0986122886681096,10.334295468316087,2.698673039289613,0.0,0.0,1.0,0.0,0.0,0.0,0.0,1.0,0.0,1.0,0.0,0.0,0.0,0.0,0.0,5.0
1.0,3.9318256327243257,0.0,0.0,2.697663108215723,0.0,0.0,1.0,0.0,0.0,0.0,0.0,1.0,0.0,0.0,0.0,0.0,0.0,0.0,1.0,1.0
1.0,5.017279836814924,0.0,10.12667110305036,2.697663108215723,0.0,0.0,1.0,0.0,0.0,0.0,0.0,1.0,0.0,1.0,0.0,0.0,0.0,0.0,1.0,2.0
1.0,8.006700845440367,0.0,6.90875477931522,2.697663108215723,0.0,0.0,1.0,0.0,0.0,0.0,1.0,0.0,0.0,1.0,0.0,0.0,0.0,1.0,1.0,1.0
1.0,3.4657359027997265,0.5596157879354227,10.434145214930487,0.4054651081081644,0.0,0.0,0.0,0.0,1.0,0.0,0.0,1.0,0.0,1.0,0.0,0.0,0.0,0.0,0.0,3.0
1.0,5.017279836814924,1.3862943611198906,9.90353755128617,2.697663108215723,0.0,0.0,1.0,0.0,0.0,0.0,0.0,1.0,0.0,1.0,0.0,0.0,0.0,0.0,1.0,3.0
1.0,5.8888779583328805,0.9162907318741551,8.335191583433202,2.697663108215723,0.0,0.0,0.0,1.0,0.0,0.0,0.0,1.0,0.0,1.0,0.0,0.0,0.0,0.0,1.0,2.0
1.0,3.258096538021482,0.6931471805599453,10.596659732783579,0.04879016416943201,0.0,0.0,1.0,0.0,0.0,0.0,0.0,1.0,0.0,1.0,0.0,0.0,0.0,0.0,0.0,3.0
1.0,4.61512051684126,0.09531017980432487,6.90875477931522,2.772588722239781,0.0,0.0,1.0,0.0,0.0,0.0,0.0,1.0,0.0,1.0,0.0,0.0,0.0,0.0,0.0,4.0
1.0,1.791759469228055,0.22314355131420976,10.819798284210286,2.697663108215723,0.0,0.0,0.0,0.0,1.0,0.0,0.0,1.0,0.0,1.0,0.0,0.0,0.0,0.0,1.0,2.0
1.0,6.2166061010848646,0.0,7.601402334583733,2.697663108215723,0.0,0.0,0.0,0.0,1.0,0.0,0.0,1.0,0.0,1.0,0.0,0.0,0.0,0.0,1.0,0.0
1.0,8.517393171418904,0.0,0.0,7.244941546337007,0.0,0.0,0.0,0.0,1.0,0.0,1.0,0.0,0.0,1.0,0.0,0.0,0.0,1.0,0.0,8.0
1.0,2.3978952727983707,0.6931471805599453,11.51293546492023,2.697663108215723,0.0,0.0,0.0,0.0,1.0,0.0,0.0,1.0,0.0,1.0,0.0,1.0,0.0,0.0,1.0,4.0
1.0,7.8636512654486515,0.0,0.0,2.697663108215723,0.0,0.0,1.0,0.0,0.0,0.0,1.0,0.0,0.0,1.0,0.0,0.0,0.0,0.0,1.0,3.0
1.0,3.4339872044851463,0.0,0.0,2.697663108215723,0.0,0.0,1.0,0.0,0.0,0.0,0.0,1.0,0.0,1.0,0.0,0.0,0.0,0.0,1.0,3.0
1.0,6.111467339502679,0.0,0.0,1.791759469228055,0.0,0.0,0.0,0.0,1.0,0.0,0.0,1.0,0.0,1.0,0.0,0.0,0.0,0.0,0.0,3.0
