Company,SFR,Payload (kg),Launch Cost ($M),Price ($/kg),Funding ($M),Launch Class,Orbit Altitude,Tech Type,Country,HQ Location,Description,Funding_Type,Funding_num,Country_Grouped,LC_Heavy,LC_Medium,LC_Small,LC_Tourism,OA_LEO,OA_Lunar,OA_Suborbital,TT_Balloon,TT_Other,TT_Plane,TT_Rocket,TT_Spaceplane,Funding_Missing,log_Payload (kg),log_Launch Cost ($M),log_Price ($/kg),log_Funding_num
Dark,1,200,5.0,25000,,Small,LEO,"Plane, Rocket",France,,"Making access to space widely available, less constrained and more efficient",Unknown,13.845,France,0,0,1,0,1,0,0,0,0,1,1,0,1,5.303304908059076,1.791759469228055,10.12667110305036,2.697663108215723
TiSPACE,3,390,0.0,0,,Small,LEO,Rocket,Taiwan,Chunan,"Developing a cost-effective space launch system using cutting-edge, non-explosive hybrid rocket technologies",Unknown,13.845,Other,0,0,1,0,1,0,0,0,0,0,1,0,1,5.968707559985366,0.0,0.0,2.697663108215723
Space Engine Systems,4,5500,0.0,0,22.00,Medium,LEO,Spaceplane,Canada,"Edmonton, Alberta","Designing a reusable, single-stage-to-orbit cruise vehicle",Private (reported),22.0,Other,0,1,0,0,1,0,0,0,0,0,0,1,0,8.612685172875459,0.0,0.0,3.1354942159291497
Skyroot Aerospace,5,720,0.0,0,68.00,Small,LEO,Rocket,India,"Hyderabad, Telangana","Building technologies for responsive, reliable and economic access to space",Private (reported),68.0,India,0,0,1,0,1,0,0,0,0,0,1,0,0,6.580639137284949,0.0,0.0,4.23410650459726
Celestia Aerospace,2,16,0.2,12500,,Small,LEO,"Plane, Rocket",Spain,Barcelona,Personalized engineering support and dedicated airborne orbital launch platform,Unknown,13.845,Other,0,0,1,0,1,0,0,0,0,1,1,0,1,2.833213344056216,0.18232155679395462,9.433563920090563,2.697663108215723
Wave Motion Launch,2,45360,0.0,0,,Heavy,LEO,Other,United States,"Seattle, WA",Building a space launch system for sending hardened satellites and bulk cargo into space,Unknown,13.845,United States,1,0,0,0,1,0,0,0,1,0,0,0,1,10.722407984014007,0.0,0.0,2.697663108215723
Green Launch,4,5,0.0,0,0.50,Small,LEO,Other,United States,"Edmond, OK",Green Launch is a technology created to revolutionize and expand our access to space,Private (reported),0.5,United States,0,0,1,0,1,0,0,0,1,0,0,0,0,1.791759469228055,0.0,0.0,0.4054651081081644
Gilmour Space,6,215,7.0,32558,66.00,Small,LEO,Rocket,Australia,"Pimpama, Queensland",Developing the ERIS launch vehicles to provide reliable and cost-effective access to space,Private (reported),66.0,Other,0,0,1,0,1,0,0,0,0,0,1,0,0,5.375278407684165,2.0794415416798357,10.390809107114125,4.204692619390966
Earth to Sky,4,600,4.5,7500,5.25,Small,LEO,Rocket,United States,"Huntsville, AL",Providing launch services to LEO at an affordable cost,Private (reported),5.25,United States,0,0,1,0,1,0,0,0,0,0,1,0,0,6.398594934535208,1.7047480922384253,8.922791623969637,1.8325814637483102
Hypersonix,4,150,0.0,0,,Small,LEO,"Rocket, Other",Australia,"Sydney, New South Wales",Bringing increased efficiency and flexibility to space launch through the use of cutting edge aerodynamic technology,Unknown,13.845,Other,0,0,1,0,1,0,0,0,1,0,1,0,1,5.017279836814924,0.0,0.0,2.697663108215723
Isar Aerospace Technologies,6,1000,10.0,10000,180.00,Small,LEO,Rocket,Germany,Ottobrun,Lowering the entry barriers to space and making space access affordable and sustainable,Private (reported),180.0,Other,0,0,1,0,1,0,0,0,0,0,1,0,0,6.90875477931522,2.3978952727983707,9.210440366976517,5.198497031265826
UP Aerospace,9,36,0.0,0,0.72,Small,Suborbital,Rocket,United States,"Highlands Ranch, CO",UP Aerospace is a suborbital space launch and flight test service provider,Private (reported),0.72,United States,0,0,1,0,0,0,1,0,0,0,1,0,0,3.6109179126442243,0.0,0.0,0.5423242908253616
Equatorial Space Systems,5,350,0.0,0,0.75,Small,LEO,Rocket,United States,"Albuquerque, NM","Developing Volanis, a series of hybrid small-launch vehicles operated from an ocean platform",Private (reported),0.75,United States,0,0,1,0,1,0,0,0,0,0,1,0,0,5.860786223465865,0.0,0.0,0.5596157879354227
Independence-X Aerospace,2,200,4.5,22500,,Small,LEO,Rocket,Malaysia,Kuala Lumpur,Aiming to innovate space exploration technologies to deliver efficient and cost effective solutions for humanity,Unknown,13.845,Other,0,0,1,0,1,0,0,0,0,0,1,0,1,5.303304908059076,1.7047480922384253,10.021315031649332,2.697663108215723
Bagaveev,3,10,0.25,25000,0.96,Small,LEO,Rocket,United States,"Half Moon Bay, CA",Dedicated nanosatellite launch provider,Private (reported),0.96,United States,0,0,1,0,1,0,0,0,0,0,1,0,0,2.3978952727983707,0.22314355131420976,10.12667110305036,0.6729444732424258
OmSpace Rocket and Exploration,2,0,0.0,0,,Small,LEO,Rocket,India,"Bharuch, Gujarat",Building a reusable small launch vehicle,Unknown,13.845,India,0,0,1,0,1,0,0,0,0,0,1,0,1,0.0,0.0,0.0,2.697663108215723
Promin Aerospace,3,0,0.2,0,0.50,Small,LEO,Rocket,Ukraine,Kiev,Developing a unique ultralight rocket platform,Private (reported),0.5,Other,0,0,1,0,1,0,0,0,0,0,1,0,0,0.0,0.18232155679395462,0.0,0.4054651081081644
Smallspark Space Systems,3,400,8.1,20250,0.23,Small,LEO,Rocket,United Kingdom,"Cardiff, Wales","Developing vertical launch systems to provide the ability for the United Kingdom to effectively, reliably and affordably deliver satellites into orbit from the planned major UK vertical launch spaceports",Private (reported),0.23,United Kingdom,0,0,1,0,1,0,0,0,0,0,1,0,0,5.993961427306569,2.2082744135228043,9.915959454031448,0.20701416938432615
Space Perspective*,6,0,0.0,0,65.00,Tourism,Suborbital,Balloon,United States,"Kennedy Space Center, FL",The off-world travel company,Private (reported),65.0,United States,0,0,0,1,0,0,1,1,0,0,0,0,0,0.0,0.0,0.0,4.189654742026425
CloudIX,2,22,0.0,0,,Small,LEO,"Balloon, Rocket",United States,"Hayward, CA",Ultra low-cost rockets and satellite deployment,Unknown,13.845,United States,0,0,1,0,1,0,0,1,0,0,1,0,1,3.1354942159291497,0.0,0.0,2.697663108215723
Interorbital Systems,3,40,0.5,12500,,Small,LEO,Rocket,United States,"Mojave, CA","A rocket, satellite, and spacecraft manufacturing company.",Unknown,13.845,United States,0,0,1,0,1,0,0,0,0,0,1,0,1,3.713572066704308,0.4054651081081644,9.433563920090563,2.697663108215723
New Ascent,1,0,0.0,0,0.11,,,Other,United States,"Annapolis, MD",Redefining launch from the ground up,Private (reported),0.11,United States,0,0,0,0,0,0,0,0,1,0,0,0,0,0.0,0.0,0.0,0.10436001532424277
Odyne Space,2,150,0.0,0,,Small,LEO,Rocket,United States,"Portland, OR",Cheaper access to space for nanosatellite payloads,Unknown,13.845,United States,0,0,1,0,1,0,0,0,0,0,1,0,1,5.017279836814924,0.0,0.0,2.697663108215723
Launcher,5,773,10.0,12937,14.90,Small,LEO,Rocket,United States,"Hawthorne, CA",A team on a 10-year journey to deliver small satellites to orbit.,Private (reported),14.9,United States,0,0,1,0,1,0,0,0,0,0,1,0,0,6.651571873589727,2.3978952727983707,9.46792399660393,2.766319109226186
HyperMach Aerospace Holdings,1,45360,0.0,0,,Heavy,LEO,Spaceplane,United States,"Los Angeles, CA",Designing a single stage to orbit hypersonic vehicle of revolutionary design and propulsion capability,Unknown,13.845,United States,1,0,0,0,1,0,0,0,0,0,0,1,1,10.722407984014007,0.0,0.0,2.697663108215723
X-Bow Launch Systems,4,0,0.0,0,,Small,LEO,Rocket,United States,"Huntsville, AL",Dedicated to providing affordable access to orbit for commercial and government payloads,Unknown,13.845,United States,0,0,1,0,1,0,0,0,0,0,1,0,1,0.0,0.0,0.0,2.697663108215723
Stratobooster,1,0,0.0,0,,Small,LEO,"Balloon, Rocket",United Kingdom,"Middlesbrough, England",Launching small satellites into space using high altitude balloons,Unknown,13.845,United Kingdom,0,0,1,0,1,0,0,1,0,0,1,0,1,0.0,0.0,0.0,2.697663108215723
Dawn Aerospace,6,100,0.0,0,4.54,Small,LEO,Spaceplane,Netherlands,Delft,Developing scalable and sustainable space transportation technology to become the backbone of the near space economy,Private (reported),4.54,Other,0,0,1,0,1,0,0,0,0,0,0,1,0,4.61512051684126,0.0,0.0,1.7119945007591926
Seres Space Exploration Technology,1,20000,0.0,0,,Heavy,LEO,Rocket,China,Beijing,Developing a reusable launch vehicle named ‘Tianmeng’,Unknown,13.845,China,1,0,0,0,1,0,0,0,0,0,1,0,1,9.90353755128617,0.0,0.0,2.697663108215723
Pyramid Exploration Technologies,0,0,0.0,0,,Small,LEO,Rocket,South Africa,Polokwane,"Developing high-performance, low carbon micro launch vehicles",Unknown,13.845,Other,0,0,1,0,1,0,0,0,0,0,1,0,1,0.0,0.0,0.0,2.697663108215723
Astraius,2,800,0.0,0,,Small,LEO,"Plane, Rocket",United Kingdom,"London, England",Developing the UK’s first commercially operated horizontal launch company for small to medium size satellites,Unknown,13.845,United Kingdom,0,0,1,0,1,0,0,0,0,1,1,0,1,6.68586094706836,0.0,0.0,2.697663108215723
Space Vector,4,0,0.0,0,,Small,LEO,Rocket,United States,"Chatsworth, CA",Space Vector has launched 37 vehicles to date with program turnaround times as short as 8 months,Unknown,13.845,United States,0,0,1,0,1,0,0,0,0,0,1,0,1,0.0,0.0,0.0,2.697663108215723
Skyrora,6,500,12.6,25200,4.85,Small,LEO,Rocket,United Kingdom,"Edinburgh, Scotland",Cost effective small satellite launch services from the United Kingdom,Private (reported),4.85,United Kingdom,0,0,1,0,1,0,0,0,0,0,1,0,0,6.2166061010848646,2.6100697927420065,10.134638955251866,1.766441661243765
HyPrSpace,2,250,0.0,0,,Small,LEO,Rocket,France,Le Haillan,Developing a fleet of hybrid rockets for micro launch,Unknown,13.845,France,0,0,1,0,1,0,0,0,0,0,1,0,1,5.5254529391317835,0.0,0.0,2.697663108215723
Landspace,7,4000,0.0,0,361.30,"Small, Medium",LEO,Rocket,China,Beijing,Commercial launch vehicle manufacturer and space launch provider in China,Private (reported),361.3,China,0,1,1,0,1,0,0,0,0,0,1,0,0,8.294299608857235,0.0,0.0,5.8924725979010315
Sirius Space Services,3,800,0.0,0,,Small,LEO,Rocket,France,Puteaux,"Developing a range of sustainable, reusable launchers dedicated to the launch of small satellites",Unknown,13.845,France,0,0,1,0,1,0,0,0,0,0,1,0,1,6.68586094706836,0.0,0.0,2.697663108215723
EOS-X,2,0,0.0,0,,Tourism,Suborbital,Balloon,Spain,Madrid,Revolutionizing near space tourism and opening it to a greater audience,Unknown,13.845,Other,0,0,0,1,0,0,1,1,0,0,0,0,1,0.0,0.0,0.0,2.697663108215723
Venture Orbital Systems,3,80,0.0,0,0.91,Small,LEO,Rocket,France,Paris,"Developing a reactive, reliable and cost-efficient nano-launcher",Private (reported),0.91,France,0,0,1,0,1,0,0,0,0,0,1,0,0,4.394449154672439,0.0,0.0,0.6471032420585385
Velontra,2,0,0.0,0,,,LEO,Spaceplane,United States,"Cincinnati, OH",Building a hypersonic space plane that can takeoff from anywhere in any weather,Unknown,13.845,United States,0,0,0,0,1,0,0,0,0,0,0,1,1,0.0,0.0,0.0,2.697663108215723
Northrop Grumman,9,8000,80.0,10000,Public,"Small, Medium",LEO,Rocket,United States,"Falls Church, VA","Designs, manufactures, and operates launch vehicles, propulsion systems, and satellites and related components",Public,13.845,United States,0,1,1,0,1,0,0,0,0,0,1,0,1,8.987321812850125,4.394449154672439,9.210440366976517,2.697663108215723
Deep Blue Aerospace,6,4500,0.0,0,45.60,"Small, Medium",LEO,Rocket,China,Beijing,Committed to reducing the cost of entering space via reusable launch products,Private (reported),45.6,China,0,1,1,0,1,0,0,0,0,0,1,0,0,8.412054873292933,0.0,0.0,3.8416005411316
Exodus Space Corp,3,1200,0.0,0,0.30,Small,LEO,Spaceplane,United States,"Denver, CO",Developing the Horizontal Takeoff Horizontal Landing (HTHL) AstroClipper for the future of commercial space transportation,Private (reported),0.3,United States,0,0,1,0,1,0,0,0,0,0,0,1,0,7.0909098220799835,0.0,0.0,0.26236426446749106
CNIM Air Space,9,2700,0.0,0,Public,"Small, Medium",Suborbital,Balloon,France,Ayguesvives,Balloons that lift anything from a few kilograms to several tons and are able to operate at an altitude as low as a few hundred metres or as high as 40 km,Public,13.845,France,0,1,1,0,0,0,1,1,0,0,0,0,1,7.901377353792616,0.0,0.0,2.697663108215723
Masten Space Systems,6,200,0.0,0,,Small,Suborbital,Rocket,United States,"Mojave, CA",Buildig the Xogdor rocket to test payloads at supersonic speeds and at the edge of space,Unknown,13.845,United States,0,0,1,0,0,0,1,0,0,0,1,0,1,5.303304908059076,0.0,0.0,2.697663108215723
LongShot*,3,0,0.0,0,,Small,LEO,Other,United States,,Developing a non-traditional hypervelocity launch system,Unknown,13.845,United States,0,0,1,0,1,0,0,0,1,0,0,0,1,0.0,0.0,0.0,2.697663108215723
AvalonSpace,1,0,0.0,0,,,,Rocket,United Kingdom,"Bristol, England",Vertically launching low-cost orbital payloads from the UK,Unknown,13.845,United Kingdom,0,0,0,0,0,0,0,0,0,0,1,0,1,0.0,0.0,0.0,2.697663108215723
Orbit Boy,3,200,0.0,0,,Small,LEO,"Plane, Rocket",United Kingdom,"London, England",On-demand air launch system utilizing standard transport aircrafts from any airport,Unknown,13.845,United Kingdom,0,0,1,0,1,0,0,0,0,1,1,0,1,5.303304908059076,0.0,0.0,2.697663108215723
R3 Aerospace,2,0,0.0,0,,Small,LEO,Rocket,United States,"Tucson, AZ",Developing exciting new space technologies,Unknown,13.845,United States,0,0,1,0,1,0,0,0,0,0,1,0,1,0.0,0.0,0.0,2.697663108215723
Black Arrow Space Technologies,2,500,10.0,20000,0.10,Small,LEO,Rocket,United Kingdom,"Swindon, England",Developing a unique seaborne launch system,Private (reported),0.1,United Kingdom,0,0,1,0,1,0,0,0,0,0,1,0,0,6.2166061010848646,2.3978952727983707,9.90353755128617,0.09531017980432487
Vector,2,200,0.0,0,,Small,LEO,Rocket,United States,"Huntington Beach, CA",Developing suborbital and orbital launch vehicles,Unknown,13.845,United States,0,0,1,0,1,0,0,0,0,0,1,0,1,5.303304908059076,0.0,0.0,2.697663108215723
Arianespace/Avio,9,20000,170.0,8500,Public,"Medium, Heavy",LEO,Rocket,Italy,Colleferro,Developing the Vega & Ariane launch vehicles,Public,13.845,Other,1,1,0,0,1,0,0,0,0,0,1,0,1,9.90353755128617,5.14166355650266,9.04793908261736,2.697663108215723
SpaceHorizon,2,1200,0.0,0,,Small,LEO,Rocket,Canada,"Ottawa, Ontario","Striving to design, build, and launch rockets, in and from Canada",Unknown,13.845,Other,0,0,1,0,1,0,0,0,0,0,1,0,1,7.0909098220799835,0.0,0.0,2.697663108215723
Pangea Aerospace,4,300,4.54,15133,7.10,Small,LEO,Rocket,Spain,Barcelona,"Enabling Low cost access to space with the Aerospike engined reusable Small satellite launch vehicle ""MESO""",Private (reported),7.1,Other,0,0,1,0,1,0,0,0,0,0,1,0,0,5.707110264748875,1.7119945007591926,9.624699147254466,2.0918640616783932
Hudson Space Systems,3,80,0.76,9500,0.10,Small,Suborbital,Rocket,United States,"Hoboken, NJ",Developing a next generation of reusable launch vehicles for microgravity research,Private (reported),0.1,United States,0,0,1,0,0,0,1,0,0,0,1,0,0,4.394449154672439,0.5653138090500605,9.15915233520675,0.09531017980432487
CosmoCourse,4,434,1.5,0,,Tourism,Suborbital,Rocket,Russia,Moscow,Creating a reusable suborbital space complex for tourist flights into space,Unknown,13.845,Other,0,0,0,1,0,0,1,0,0,0,1,0,1,6.075346031088684,0.9162907318741551,0.0,2.697663108215723
INNOSPACE,5,1000,20.0,20000,28.40,Small,LEO,Rocket,South Korea,Sejong City,Developing hybrid small satellite launch vehicles,Private (reported),28.4,Other,0,0,1,0,1,0,0,0,0,0,1,0,0,6.90875477931522,3.044522437723423,9.90353755128617,3.380994674344636
Tehiru,1,300,0.0,0,,Small,LEO,"Plane, Rocket",United States,"New York, NY","Developing a hybrid, modular, affordable & air-launched rocket system that uses electric landing for reusability",Unknown,13.845,United States,0,0,1,0,1,0,0,0,0,1,1,0,1,5.707110264748875,0.0,0.0,2.697663108215723
Exos Aerospace,6,100,0.0,0,9.09,Small,Suborbital,Rocket,United States,"Caddo Mills, TX","Selling reusable launch vehicles for small, sub-orbital scientific/experimental payloads",Private (reported),9.09,United States,0,0,1,0,0,0,1,0,0,0,1,0,0,4.61512051684126,0.0,0.0,2.3115448343655176
Zero 2 Infinity,6,0,0.0,0,13.83,Tourism,Suborbital,Balloon,Spain,Barcelona,Developing a zero-emission space tourism platform,Private (reported),13.83,Other,0,0,0,1,0,0,1,1,0,0,0,0,0,0.0,0.0,0.0,2.696652156149841
Tachyon Aerospace,2,0,0.0,0,,,LEO,Other,United Kingdom,"London, England",Developing the Trans-Atmospheric Flight Vehicle (TAV 1),Unknown,13.845,United Kingdom,0,0,0,0,1,0,0,0,1,0,0,0,1,0.0,0.0,0.0,2.697663108215723
VALT Enterprises,2,25,1.7,68000,,Small,LEO,Rocket,United States,"Sanford, ME",Hypersonic Delivery Systems: Suborbital & Orbital Missions,Unknown,13.845,United States,0,0,1,0,1,0,0,0,0,0,1,0,1,3.258096538021482,0.9932517730102834,11.127277689932466,2.697663108215723
T-Minus,7,45,0.0,0,,Small,Suborbital,Rocket,Netherlands,Delft,"Offering commercial suborbital platforms for scientific research, commercial applications, and defense",Unknown,13.845,Other,0,0,1,0,0,0,1,0,0,0,1,0,1,3.828641396489095,0.0,0.0,2.697663108215723
Stoke Space Technologies,7,500,0.0,0,74.10,Small,LEO,Rocket,United States,"Seattle, WA",Developinig the world's first 100% reusable rocket,Private (reported),74.1,United States,0,0,1,0,1,0,0,0,0,0,1,0,0,6.2166061010848646,0.0,0.0,4.318820558770089
S-Motor,2,160,0.0,0,,Small,LEO,Rocket,China,Beijing,Developing a three-stage solid-propellant launch vehicle,Unknown,13.845,China,0,0,1,0,1,0,0,0,0,0,1,0,1,5.081404364984463,0.0,0.0,2.697663108215723
Space Walker,4,100,0.0,0,4.98,Small,Suborbital,Spaceplane,Japan,"Minato, Tokyo",Developing a sub-orbital spaceplane for scientific missions,Private (reported),4.98,Other,0,0,1,0,0,0,1,0,0,0,0,1,0,4.61512051684126,0.0,0.0,1.7884205679625405
WAGNER Star Industries,4,1500,3.0,2000,,Small,LEO,Spaceplane,United States,"St Petersburg, FL","WAGNER is a simple, reliable, low-cost launch systems company",Unknown,13.845,United States,0,0,1,0,1,0,0,0,0,0,0,1,1,7.313886831633462,1.3862943611198906,7.601402334583733,2.697663108215723
SpinLaunch,6,100,0.5,5000,150.00,Small,LEO,Other,United States,"Long Beach, CA",Small satellite space launch via a kinetic launch system,Private (reported),150.0,United States,0,0,1,0,1,0,0,0,1,0,0,0,0,4.61512051684126,0.4054651081081644,8.517393171418904,5.017279836814924
Thor Launch Systems (by 8 Rivers),3,0,0.0,0,,,LEO,Other,United States,"Durham, NC",Enabling the mass commercialization of space by moving beyond chemical rockets,Unknown,13.845,United States,0,0,0,0,1,0,0,0,1,0,0,0,1,0.0,0.0,0.0,2.697663108215723
0-G Launch,3,0,0.0,25000,,Small,LEO,"Plane, Rocket",United States,"Washington, D.C.",Developing the Space Jet air-launch platform,Unknown,13.845,United States,0,0,1,0,1,0,0,0,0,1,1,0,1,0.0,0.0,10.12667110305036,2.697663108215723
Space Transportation (Lingkong Tianxing),4,1000,0.0,0,18.00,Small,LEO,"Rocket, Spaceplane",China,Beijing,Launcher manufacturer aimed at developing reusable vehicles for small payloads,Private (reported),18.0,China,0,0,1,0,1,0,0,0,0,0,1,1,0,6.90875477931522,0.0,0.0,2.9444389791664403
Space Railway Corporation,0,0,0.0,0,,,LEO,Other,United States,"Fort Worth, TX","Developing a proposed ""railway"" to space that is safer, cheaper, and greener than rockets",Unknown,13.845,United States,0,0,0,0,1,0,0,0,1,0,0,0,1,0.0,0.0,0.0,2.697663108215723
Hybrid Propulsion,1,250,4.0,16000,,Small,LEO,Rocket,France,Talence,Developing a solution for quick missions to LEO,Unknown,13.845,France,0,0,1,0,1,0,0,0,0,0,1,0,1,5.5254529391317835,1.6094379124341003,9.680406499268875,2.697663108215723
LinkSpace,5,200,4.5,22500,,Small,LEO,Rocket,China,Beijing,Developing reusable launch vehicle technology for orbital payloads in China,Unknown,13.845,China,0,0,1,0,1,0,0,0,0,0,1,0,1,5.303304908059076,1.7047480922384253,10.021315031649332,2.697663108215723
Gloyer-Taylor Labs,3,0,0.0,300,,,LEO,Rocket,United States,"Tullahoma, TN",Developing the Advanced Cryognic Expendable (ACE) launch vehicle,Unknown,13.845,United States,0,0,0,0,1,0,0,0,0,0,1,0,1,0.0,0.0,5.707110264748875,2.697663108215723
STAR Orbitals,2,150,0.0,0,,Small,LEO,Rocket,India,"Surat, Gujarat",Developing the Phoenix small launch vehicle,Unknown,13.845,India,0,0,1,0,1,0,0,0,0,0,1,0,1,5.017279836814924,0.0,0.0,2.697663108215723
Deywoss One,0,200,0.0,0,,Small,LEO,Spaceplane,United States,"Merepoint, ME","Developing PROTEUS, an innovative hybrid and autonomous launcher for small sats",Unknown,13.845,United States,0,0,1,0,1,0,0,0,0,0,0,1,1,5.303304908059076,0.0,0.0,2.697663108215723
Agnikul Cosmos,4,100,1.2,12000,14.58,Small,LEO,Rocket,India,"Chennai, Tamil Nadu","Designing, manufacturing, and launching orbital-class launch vehicles",Private (reported),14.58,India,0,0,1,0,1,0,0,0,0,0,1,0,0,4.61512051684126,0.7884573603642702,9.392745258631441,2.7459880404426023
Radian Aerospace*,4,2265,0.0,0,27.50,Medium,LEO,Spaceplane,United States,"Renton, WA",Developing the Radian One spaceplane to carry people and cargo to and from orbit,Private (reported),27.5,United States,0,1,0,0,1,0,0,0,0,0,0,1,0,7.725771441587952,0.0,0.0,3.349904087274605
One Space,6,200,3.2,16000,116,Small,LEO,Rocket,China,Beijing,Building a private 3-stage nanosatellite launch vehicle in China,Private (reported),116.0,China,0,0,1,0,1,0,0,0,0,0,1,0,0,5.303304908059076,1.4350845252893227,9.680406499268875,4.762173934797756
HyImpulse,5,500,7.78,15560,9.70,Small,LEO,Rocket,Germany,Kochen,"Developing an orbital small launcher, powered by a unique, green hybrid propulsion technology",Private (reported),9.7,Other,0,0,1,0,1,0,0,0,0,0,1,0,0,6.2166061010848646,2.172476407647025,9.65252306301951,2.3702437414678603
Space Ops,2,10,0.0,0,,Small,LEO,Rocket,Australia,"Redfern, New South Wales",Developing a reusable two-stage orbital-class launch vehicle,Unknown,13.845,Other,0,0,1,0,1,0,0,0,0,0,1,0,1,2.3978952727983707,0.0,0.0,2.697663108215723
Vellon Space,2,50,0.0,0,,Small,LEO,"Plane, Rocket",India,"Madurai, Tamil Nadu",Developing a series of Launch Vehicles based on high-altitude air launch,Unknown,13.845,India,0,0,1,0,1,0,0,0,0,1,1,0,1,3.9318256327243257,0.0,0.0,2.697663108215723
Bellatrix Aerospace,4,150,2.0,13333,11.00,Small,LEO,Rocket,India,"Bangalore, Karnataka",Orbital launch vehicles (rockets) and electric propulsion systems,Private (reported),11.0,India,0,0,1,0,1,0,0,0,0,0,1,0,0,5.017279836814924,1.0986122886681096,9.498072443178005,2.4849066497880004
The Rocket & Satellite Company,0,0,0.0,0,,,LEO,Rocket,Pakistan,Karachi,Offering low-cost space launch systems,Unknown,13.845,Other,0,0,0,0,1,0,0,0,0,0,1,0,1,0.0,0.0,0.0,2.697663108215723
ESC Aerospace,2,0,0.0,50,,,LEO,Other,United States,"Orlando, FL",Enabling transportation to LEO,Unknown,13.845,United States,0,0,0,0,1,0,0,0,1,0,0,0,1,0.0,0.0,3.9318256327243257,2.697663108215723
Fore Dynamics,2,200,0.0,0,,Small,LEO,Rocket,United States,"Placentia, CA","Affordable and reliable small satellite launch system for LEO, SSO, and GEO missions",Unknown,13.845,United States,0,0,1,0,1,0,0,0,0,0,1,0,1,5.303304908059076,0.0,0.0,2.697663108215723
Reaction Dynamics,3,150,0.0,30000,1.15,Small,LEO,Rocket,Canada,"St. Laurent, Quebec",Making it affordable for companies and universities to launch small satellites into orbit,Private (reported),1.15,Other,0,0,1,0,1,0,0,0,0,0,1,0,0,5.017279836814924,0.0,10.308985993422082,0.7654678421395714
Reaction Engines,5,17000,0.0,860,95.37,Medium,LEO,Spaceplane,United Kingdom,"Abingdon, England",Developing the re-usable Skylon spaceplane powered by SABRE propulsion,Private (reported),95.37,United Kingdom,0,1,0,0,1,0,0,0,0,0,0,1,0,9.741027444837728,0.0,6.7580945044277305,4.568194949863196
Galactic Energy,9,5000,0.0,14400,243.00,"Small, Medium",LEO,Rocket,China,,Developing the Ceres-1 and Pallas-1 launch vehicles,Private (reported),243.0,China,0,1,1,0,1,0,0,0,0,0,1,0,0,8.517393171418904,0.0,9.575052927597383,5.497168225293202
Spaceborne,1,0,0.0,0,,,LEO,Rocket,Uzbekistan,Tashkent,"Building low cost, single stage and highly reusable launch vehicles",Unknown,13.845,Other,0,0,0,0,1,0,0,0,0,0,1,0,1,0.0,0.0,0.0,2.697663108215723
Trans Space Travels,1,0,0.0,0,,,Suborbital,Spaceplane,Germany,Bayreuth,"Developing SOL ASPIRET, a suborbital spaceplane",Unknown,13.845,Other,0,0,0,0,0,0,1,0,0,0,0,1,1,0.0,0.0,0.0,2.697663108215723
Orbex,5,220,0.0,0,39.53,Small,LEO,Rocket,United Kingdom,"London, England","Launch services for small, micro and nano satellites",Private (reported),39.53,United Kingdom,0,0,1,0,1,0,0,0,0,0,1,0,0,5.3981627015177525,0.0,0.0,3.7020424406402173
Stofiel Aerospace,4,250,5.0,20000,,Small,LEO,"Balloon, Rocket",United States,"St. Louis, MO",Balloon-based small satellite launcher,Unknown,13.845,United States,0,0,1,0,1,0,0,1,0,0,1,0,1,5.5254529391317835,1.791759469228055,9.90353755128617,2.697663108215723
PLD Space,6,300,0.0,0,27.14,Small,LEO,Rocket,Spain,Elche,"A Euro startup developing tech for suborbital & orbital launch services, dedicated to small payloads and nanosatellites",Private (reported),27.14,Other,0,0,1,0,1,0,0,0,0,0,1,0,0,5.707110264748875,0.0,0.0,3.337192051686243
Beyond Earth,3,30,0.9,30000,,Small,LEO,Rocket,United States,"Menlo Park, CA",Providing rapid response small satellite launch vehicles for government and commercial customers,Unknown,13.845,United States,0,0,1,0,1,0,0,0,0,0,1,0,1,3.4339872044851463,0.6418538861723948,10.308985993422082,2.697663108215723
VSAT Aerospace,4,100,3.0,30000,,Small,LEO,Rocket,Brazil,"Santo André, São Paulo",Delivering payloads to low Earth orbit,Unknown,13.845,Other,0,0,1,0,1,0,0,0,0,0,1,0,1,4.61512051684126,1.3862943611198906,10.308985993422082,2.697663108215723
Rocketplane Global,1,3000,0.0,0,,Medium,LEO,Spaceplane,United States,"Green Bay, WI",Spaceplane based satellite launch,Unknown,13.845,United States,0,1,0,0,1,0,0,0,0,0,0,1,1,8.006700845440367,0.0,0.0,2.697663108215723
SpaceTrek,1,240,0.0,0,,Small,LEO,Rocket,China,Beijing,Customized launch services for sub-orbital and orbital payloads,Unknown,13.845,China,0,0,1,0,1,0,0,0,0,0,1,0,1,5.484796933490655,0.0,0.0,2.697663108215723
ARCA Space Corporation,3,100,1.0,10000,,Small,LEO,Rocket,United States,"Las Cruces, NM",Single Stage to Orbit (SSTO) rocket leveraging aerospike engine technology launching to low earth orbit,Unknown,13.845,United States,0,0,1,0,1,0,0,0,0,0,1,0,1,4.61512051684126,0.6931471805599453,9.210440366976517,2.697663108215723
Rocket Lab,9,300,4.9,16333,257.31,Small,LEO,Rocket,United States,"Long Beach, CA",The first rocket company and launch site for cubesat payloads in New Zealand,Private (reported),257.31,United States,0,0,1,0,1,0,0,0,0,0,1,0,0,5.707110264748875,1.7749523509116738,9.70100410391822,5.5541604140252625
Virgin Galactic/The Spaceship Company,9,372,1.5,4032,Public,Tourism,Suborbital,Spaceplane,United States,"Mojave, CA",Building a fleet of WhiteKnightTwo carrier aircraft and SpaceShipTwo reusable spaceships,Public,13.845,United States,0,0,0,1,0,0,1,0,0,0,0,1,1,5.921578419643816,0.9162907318741551,8.302265794873367,2.697663108215723
Launch Tech Space,1,0,0.0,0,,Small,LEO,Other,United States,"Pasadena, CA","Developing an eco friendly, electromagnetic space launch system",Unknown,13.845,United States,0,0,1,0,1,0,0,0,1,0,0,0,1,0.0,0.0,0.0,2.697663108215723
New Rocket Technologies,2,500,9.0,18000,,Small,LEO,Rocket,Russia,Moscow,"Building light, two-stage rockets for small satellite launch",Unknown,13.845,Other,0,0,1,0,1,0,0,0,0,0,1,0,1,6.2166061010848646,2.302585092994046,9.798182590890704,2.697663108215723
iSpace,8,300,5.0,16667,275.00,Small,LEO,Rocket,China,Beijing,iSpace is a Chinese private space launch company developing the Hyperbola rocket family,Private (reported),275.0,China,0,0,1,0,1,0,0,0,0,0,1,0,0,5.707110264748875,1.791759469228055,9.721245992542345,5.62040086571715
Pythom,4,100,1.2,12000,0.75,Small,LEO,Rocket,United States,"Bishop, CA","Pythom is creating a custom-built, two-person craft to explore Mars",Private (reported),0.75,United States,0,0,1,0,1,0,0,0,0,0,1,0,0,4.61512051684126,0.7884573603642702,9.392745258631441,0.5596157879354227
Project S3,1,250,0.0,0,,Small,,Spaceplane,Croatia,Zagreb,Aiming to provide orbital launches of small satellites for the most affordable prices,Unknown,13.845,Other,0,0,1,0,0,0,0,0,0,0,0,1,1,5.5254529391317835,0.0,0.0,2.697663108215723
POLARIS,2,1150,0.0,0,,Small,LEO,Spaceplane,Germany,,"Developing a novel, reusable hypersonic and space launch system",Unknown,13.845,Other,0,0,1,0,1,0,0,0,0,0,0,1,1,7.048386408721883,0.0,0.0,2.697663108215723
Suborbitality,1,75,0.0,5000,,Small,Suborbital,Rocket,Czech Republic,Prague,"Creating a dedicated, reusable, and low-cost suborbital rocket",Unknown,13.845,Other,0,0,1,0,0,0,1,0,0,0,1,0,1,4.330733340286331,0.0,8.517393171418904,2.697663108215723
bluShift Aerospace,4,30,0.0,0,,Small,LEO,Rocket,United States,"Brunswick, ME",Developing a unique line of rockets powered by bio-derived fuels to launch tiny satellites into space,Unknown,13.845,United States,0,0,1,0,1,0,0,0,0,0,1,0,1,3.4339872044851463,0.0,0.0,2.697663108215723
Rocket Factory Augsburg (by OHB),5,1350,0.0,0,,Small,LEO,Rocket,Germany,Augsburg,Offering hassle-free space transportation to dedicated orbits,Unknown,13.845,Other,0,0,1,0,1,0,0,0,0,0,1,0,1,7.208600337960199,0.0,0.0,2.697663108215723
RocketStar,3,300,6.0,20000,,Small,LEO,Rocket,United States,"New York, NY","We offer rideshare and dedicated launch opportunities at severe discounts to other launch providers, and can go from first conversation to launch in 18 months or less",Unknown,13.845,United States,0,0,1,0,1,0,0,0,0,0,1,0,1,5.707110264748875,1.9459101490553132,9.90353755128617,2.697663108215723
Orienspace,5,6500,0.0,0,171.90,Medium,LEO,Rocket,China,,Developing the sea-launched Gravity-1 vehicle,Private (reported),171.9,China,0,1,0,0,1,0,0,0,0,0,1,0,0,8.77971129020447,0.0,0.0,5.152713392689245
Timewarp Space,0,150,0.0,0,,Small,LEO,Rocket,India,"Bangalore, Karnataka",Dedicated to providing frequent and reliable space access,Unknown,13.845,India,0,0,1,0,1,0,0,0,0,0,1,0,1,5.017279836814924,0.0,0.0,2.697663108215723
Vaya Space,5,1000,9.0,9000,9.00,Small,LEO,Rocket,United States,"Cocoa, FL","Offering flexible launch capability with a cycle of less than thirty days to build, integrate, and launch",Private (reported),9.0,United States,0,0,1,0,1,0,0,0,0,0,1,0,0,6.90875477931522,2.302585092994046,9.105090961257085,2.302585092994046
Maritime Launch Services,5,5000,45.0,9000,,Medium,LEO,Rocket,Canada,"Halifax, Nova Scotia","Building up Canada's NewSpace industry as the first private launch provider in Canso, Nova Scotia",Unknown,13.845,Other,0,1,0,0,1,0,0,0,0,0,1,0,1,8.517393171418904,3.828641396489095,9.105090961257085,2.697663108215723
Advanced Rockets Corp,3,25000,4.1,164,0.07,Heavy,LEO,Rocket,United States,"Los Angeles, CA",The Dynamics Enhanced Launch Vehicle is designed for a life of over 400 reuses with very minimal maintenance and rapid turnarounds,Private (reported),0.07,United States,1,0,0,0,1,0,0,0,0,0,1,0,0,10.12667110305036,1.62924053973028,5.10594547390058,0.06765864847381481
ABL Space Systems,7,1350,12.0,8889,420.00,Small,LEO,Rocket,United States,"El Segundo, CA",Building rockets to launch small satellites,Private (reported),420.0,United States,0,0,1,0,1,0,0,0,0,0,1,0,0,7.208600337960199,2.5649493574615367,9.09268232850795,6.042632833682381
Sugarhouse Aerospace,5,50,0.25,5000,,Small,Suborbital,Rocket,United States,"Springville, UT",Sugarhouse Aerospace is built on a simple idea - space shouldn't be reserved for governments and billionaires,Unknown,13.845,United States,0,0,1,0,0,0,1,0,0,0,1,0,1,3.9318256327243257,0.22314355131420976,8.517393171418904,2.697663108215723
Space One,0,0,0.0,0,,,LEO,Other,Luxembourg,Luxembourg,Developing electromagnetic launch systems to change how we launch payloads into space,Unknown,13.845,Other,0,0,0,0,1,0,0,0,1,0,0,0,1,0.0,0.0,0.0,2.697663108215723
IO Aircraft,2,63500,28.0,441,,"Medium, Heavy",LEO,Spaceplane,United States,"Ankeny, IA","Developing single stage to orbit, fixed wing, hypersonic aircraft",Unknown,13.845,United States,1,1,0,0,1,0,0,0,0,0,0,1,1,11.05881093278828,3.367295829986474,6.091309882077698,2.697663108215723
Space Forest,6,50,0.0,4500,,Small,Suborbital,Rocket,Poland,Gdynia,Commercializing new suborbital rocket technologies,Unknown,13.845,Other,0,0,1,0,0,0,1,0,0,0,1,0,1,3.9318256327243257,0.0,8.412054873292933,2.697663108215723
Marcom,1,1000,8.0,8000,,Small,LEO,Rocket,South Africa,Johannesburg,Developing the Cheetah small launch vehicle,Unknown,13.845,Other,0,0,1,0,1,0,0,0,0,0,1,0,1,6.90875477931522,2.1972245773362196,8.987321812850125,2.697663108215723
LEO Launcher,0,680,0.0,0,,Small,LEO,"Plane, Rocket",United States,"Houston, TX",Long range heavy lift aircraft horizontal launches,Unknown,13.845,United States,0,0,1,0,1,0,0,0,0,1,1,0,1,6.523562306149512,0.0,0.0,2.697663108215723
Astra Space,9,300,3.95,13167,Public,Small,LEO,Rocket,United States,"Alameda, CA",Providing routine launch access to Earth orbit for entrepreneurs and enterprises,Public,13.845,United States,0,0,1,0,1,0,0,0,0,0,1,0,1,5.707110264748875,1.599387576580599,9.485544922916851,2.697663108215723
Perigee Aerospace,5,65,2.0,30769,13.86,Small,LEO,Rocket,South Korea,Daejeon,"Developing Blue Whale 1, a micro launch vehicle",Private (reported),13.86,Other,0,0,1,0,1,0,0,0,0,0,1,0,0,4.189654742026425,1.0986122886681096,10.334295468316087,2.698673039289613
CubeSat Solutions,1,50,0.0,0,,Small,Suborbital,Rocket,Thailand,Chiang Mai,"Designer of low-weight, low-cost satellites and small launching vehicles",Unknown,13.845,Other,0,0,1,0,0,0,1,0,0,0,1,0,1,3.9318256327243257,0.0,0.0,2.697663108215723
LIA Aerospace,2,150,0.0,25000,,Small,LEO,Rocket,Argentina,,Creating the small-sat launch vehicle of the future,Unknown,13.845,Other,0,0,1,0,1,0,0,0,0,0,1,0,1,5.017279836814924,0.0,10.12667110305036,2.697663108215723
Enter Space,1,3000,0.0,1000,,Medium,LEO,Spaceplane,Australia,"Sydney, New South Wales","Developing technology for cost effective, reliable, and frequent access to space",Unknown,13.845,Other,0,1,0,0,1,0,0,0,0,0,0,1,1,8.006700845440367,0.0,6.90875477931522,2.697663108215723
Phoenix Launch Systems,3,31,0.75,34000,0.50,Small,LEO,Rocket,United States,"Las Vegas, NV",Developing responsive launch services and products for the nanosatellite industry,Private (reported),0.5,United States,0,0,1,0,1,0,0,0,0,0,1,0,0,3.4657359027997265,0.5596157879354227,10.434145214930487,0.4054651081081644
Laros,3,150,3.0,20000,,Small,LEO,Rocket,Russia,Moscow,Developing the LAROS-RC2 orbital carrier and accompanying mobile launch infrastructure,Unknown,13.845,Other,0,0,1,0,1,0,0,0,0,0,1,0,1,5.017279836814924,1.3862943611198906,9.90353755128617,2.697663108215723
Astron Systems,2,360,1.5,4167,,Small,LEO,Rocket,United Kingdom,"Thame, England","Bringing about the next generation of low-cost, reusable launch vehicles",Unknown,13.845,United Kingdom,0,0,1,0,1,0,0,0,0,0,1,0,1,5.8888779583328805,0.9162907318741551,8.335191583433202,2.697663108215723
Acrux Aerospace Technologies,3,25,1.0,40000,0.05,Small,LEO,Rocket,Brazil,"Iguassu Falls, Paraná",Designing the Montenegro nanolauncher for launches at a very competitive price,Private (reported),0.05,Other,0,0,1,0,1,0,0,0,0,0,1,0,0,3.258096538021482,0.6931471805599453,10.596659732783579,0.04879016416943201
Space Darts,4,100,0.1,1000,15.00,Small,LEO,Rocket,Russia,Moscow,Mass production of on-demand launchers for small sats,Private (reported),15.0,Other,0,0,1,0,1,0,0,0,0,0,1,0,0,4.61512051684126,0.09531017980432487,6.90875477931522,2.772588722239781
CubeCab,2,5,0.25,50000,,Small,LEO,Rocket,United States,"Mountain View, CA",LEO launch provider for 3U cubesats,Unknown,13.845,United States,0,0,1,0,1,0,0,0,0,0,1,0,1,1.791759469228055,0.22314355131420976,10.819798284210286,2.697663108215723
United Frontiers,0,500,0.0,2000,,Small,LEO,Rocket,United States,"Port Canaveral, FL","SpaceBox is a suborbital launch and recovery platform designed to enable affordable access to space for educational, professional, consumer and hobbyist payloads",Unknown,13.845,United States,0,0,1,0,1,0,0,0,0,0,1,0,1,6.2166061010848646,0.0,7.601402334583733,2.697663108215723
Sierra Space,8,5000,0.0,0,1400.00,Medium,LEO,Spaceplane,United States,"Broomfield, CO","Developing Dream Chaser, a multi-mission space utility vehicle designed to transport crew and cargo to low-Earth orbit",Private (reported),1400.0,United States,0,1,0,0,1,0,0,0,0,0,0,1,0,8.517393171418904,0.0,0.0,7.244941546337007
Pipeline2Space (by HyperSciences),4,10,1.0,100000,,Small,LEO,Other,United States,"Spokane, WA",Using RAM-accelerators to change the economics of space launch,Unknown,13.845,United States,0,0,1,0,1,0,0,0,1,0,0,0,1,2.3978952727983707,0.6931471805599453,11.51293546492023,2.697663108215723
Ripple Aerospace,3,2600,0.0,0,,Medium,LEO,Rocket,Norway,Kristiansand,"Bringing back the ""sea-launch"" concept with full-force!",Unknown,13.845,Other,0,1,0,0,1,0,0,0,0,0,1,0,1,7.8636512654486515,0.0,0.0,2.697663108215723
C6 Launch Systems,3,30,0.0,0,,Small,LEO,Rocket,Canada,"Toronto, Ontario",Provding dedicated launch services for cube and nanosatellites,Unknown,13.845,Other,0,0,1,0,1,0,0,0,0,0,1,0,1,3.4339872044851463,0.0,0.0,2.697663108215723
Phantom Space,3,450,0.0,0,5.00,Small,LEO,Rocket,United States,"Tucson, AZ",Revolutionizing the way we transport satellites and space assets into space,Private (reported),5.0,United States,0,0,1,0,1,0,0,0,0,0,1,0,0,6.111467339502679,0.0,0.0,1.791759469228055
