Company,SFR,Payload (kg),Launch Cost ($M),Price ($/kg),Funding ($M),Launch Class,Orbit Altitude,Tech Type,Country,HQ Location,Description,Funding_Type,Funding_num,Country_Grouped,LC_Heavy,LC_Medium,LC_Small,LC_Tourism,OA_LEO,OA_Lunar,OA_Suborbital,TT_Balloon,TT_Other,TT_Plane,TT_Rocket,TT_Spaceplane,Funding_Missing
Dark,1,200,5.0,25000,,Small,LEO,"Plane, Rocket",France,,"Making access to space widely available, less constrained and more efficient",Unknown,13.844999999999999,France,0,0,1,0,1,0,0,0,0,1,1,0,1
TiSPACE,3,390,0.0,0,,Small,LEO,Rocket,Taiwan,Chunan,"Developing a cost-effective space launch system using cutting-edge, non-explosive hybrid rocket technologies",Unknown,13.844999999999999,Other,0,0,1,0,1,0,0,0,0,0,1,0,1
Space Engine Systems,4,5500,0.0,0,22.00,Medium,LEO,Spaceplane,Canada,"Edmonton, Alberta","Designing a reusable, single-stage-to-orbit cruise vehicle",Private (reported),22.0,Other,0,1,0,0,1,0,0,0,0,0,0,1,0
Skyroot Aerospace,5,720,0.0,0,68.00,Small,LEO,Rocket,India,"Hyderabad, Telangana","Building technologies for responsive, reliable and economic access to space",Private (reported),68.0,India,0,0,1,0,1,0,0,0,0,0,1,0,0
Celestia Aerospace,2,16,0.2,12500,,Small,LEO,"Plane, Rocket",Spain,Barcelona,Personalized engineering support and dedicated airborne orbital launch platform,Unknown,13.844999999999999,Other,0,0,1,0,1,0,0,0,0,1,1,0,1
Wave Motion Launch,2,45360,0.0,0,,Heavy,LEO,Other,United States,"Seattle, WA",Building a space launch system for sending hardened satellites and bulk cargo into space,Unknown,13.844999999999999,United States,1,0,0,0,1,0,0,0,1,0,0,0,1
Green Launch,4,5,0.0,0,0.50,Small,LEO,Other,United States,"Edmond, OK",Green Launch is a technology created to revolutionize and expand our access to space,Private (reported),0.5,United States,0,0,1,0,1,0,0,0,1,0,0,0,0
Gilmour Space,6,215,7.0,32558,66.00,Small,LEO,Rocket,Australia,"Pimpama, Queensland",Developing the ERIS launch vehicles to provide reliable and cost-effective access to space,Private (reported),66.0,Other,0,0,1,0,1,0,0,0,0,0,1,0,0
Orbspace,0,0,0.0,0,,Tourism,Suborbital,Rocket,Japan,"Tsukuba, Ibaraki","Developing Infinity, a small reusable rocket",Unknown,13.844999999999999,Other,0,0,0,1,0,0,1,0,0,0,1,0,1
Earth to Sky,4,600,4.5,7500,5.25,Small,LEO,Rocket,United States,"Huntsville, AL",Providing launch services to LEO at an affordable cost,Private (reported),5.25,United States,0,0,1,0,1,0,0,0,0,0,1,0,0
Hypersonix,4,150,0.0,0,,Small,LEO,"Rocket, Other",Australia,"Sydney, New South Wales",Bringing increased efficiency and flexibility to space launch through the use of cutting edge aerodynamic technology,Unknown,13.844999999999999,Other,0,0,1,0,1,0,0,0,1,0,1,0,1
Isar Aerospace Technologies,6,1000,10.0,10000,180.00,Small,LEO,Rocket,Germany,Ottobrun,Lowering the entry barriers to space and making space access affordable and sustainable,Private (reported),180.0,Other,0,0,1,0,1,0,0,0,0,0,1,0,0
UP Aerospace,9,36,0.0,0,0.72,Small,Suborbital,Rocket,United States,"Highlands Ranch, CO",UP Aerospace is a suborbital space launch and flight test service provider,Private (reported),0.72,United States,0,0,1,0,0,0,1,0,0,0,1,0,0
Equatorial Space Systems,5,350,0.0,0,0.75,Small,LEO,Rocket,United States,"Albuquerque, NM","Developing Volanis, a series of hybrid small-launch vehicles operated from an ocean platform",Private (reported),0.75,United States,0,0,1,0,1,0,0,0,0,0,1,0,0
Independence-X Aerospace,2,200,4.5,22500,,Small,LEO,Rocket,Malaysia,Kuala Lumpur,Aiming to innovate space exploration technologies to deliver efficient and cost effective solutions for humanity,Unknown,13.844999999999999,Other,0,0,1,0,1,0,0,0,0,0,1,0,1
Bagaveev,3,10,0.25,25000,0.96,Small,LEO,Rocket,United States,"Half Moon Bay, CA",Dedicated nanosatellite launch provider,Private (reported),0.96,United States,0,0,1,0,1,0,0,0,0,0,1,0,0
OmSpace Rocket and Exploration,2,0,0.0,0,,Small,LEO,Rocket,India,"Bharuch, Gujarat",Building a reusable small launch vehicle,Unknown,13.844999999999999,India,0,0,1,0,1,0,0,0,0,0,1,0,1
Promin Aerospace,3,0,0.2,0,0.50,Small,LEO,Rocket,Ukraine,Kiev,Developing a unique ultralight rocket platform,Private (reported),0.5,Other,0,0,1,0,1,0,0,0,0,0,1,0,0
Smallspark Space Systems,3,400,8.1,20250,0.23,Small,LEO,Rocket,United Kingdom,"Cardiff, Wales","Developing vertical launch systems to provide the ability for the United Kingdom to effectively, reliably and affordably deliver satellites into orbit from the planned major UK vertical launch spaceports",Private (reported),0.23,United Kingdom,0,0,1,0,1,0,0,0,0,0,1,0,0
Space Perspective*,6,0,0.0,0,65.00,Tourism,Suborbital,Balloon,United States,"Kennedy Space Center, FL",The off-world travel company,Private (reported),65.0,United States,0,0,0,1,0,0,1,1,0,0,0,0,0
CloudIX,2,22,0.0,0,,Small,LEO,"Balloon, Rocket",United States,"Hayward, CA",Ultra low-cost rockets and satellite deployment,Unknown,13.844999999999999,United States,0,0,1,0,1,0,0,1,0,0,1,0,1
Interorbital Systems,3,40,0.5,12500,,Small,LEO,Rocket,United States,"Mojave, CA","A rocket, satellite, and spacecraft manufacturing company.",Unknown,13.844999999999999,United States,0,0,1,0,1,0,0,0,0,0,1,0,1
Space Pioneer,4,0,0.0,0,100.00,"Medium, Heavy",LEO,Rocket,China,,"Developing reusable, medium and heavy orbital launch vehicles",Private (reported),100.0,China,1,1,0,0,1,0,0,0,0,0,1,0,0
New Ascent,1,0,0.0,0,0.11,,,Other,United States,"Annapolis, MD",Redefining launch from the ground up,Private (reported),0.11,United States,0,0,0,0,0,0,0,0,1,0,0,0,0
Black Sky Aerospace,9,350,0.6,1714,,Small,Suborbital,Rocket,Australia,"Browns Plains, Queensland","Offers a range of sounding rockets, capable of flights up to 300km in multistage configurations",Unknown,13.844999999999999,Other,0,0,1,0,0,0,1,0,0,0,1,0,1
Odyne Space,2,150,0.0,0,,Small,LEO,Rocket,United States,"Portland, OR",Cheaper access to space for nanosatellite payloads,Unknown,13.844999999999999,United States,0,0,1,0,1,0,0,0,0,0,1,0,1
Launcher,5,773,10.0,12937,14.90,Small,LEO,Rocket,United States,"Hawthorne, CA",A team on a 10-year journey to deliver small satellites to orbit.,Private (reported),14.9,United States,0,0,1,0,1,0,0,0,0,0,1,0,0
Halo Aerospace,0,0,0.0,0,,,Suborbital,"Balloon, Rocket",United States,"West Palm Beach, FL",Providing launch services via HABs and sounding rockets,Unknown,13.844999999999999,United States,0,0,0,0,0,0,1,1,0,0,1,0,1
HyperMach Aerospace Holdings,1,45360,0.0,0,,Heavy,LEO,Spaceplane,United States,"Los Angeles, CA",Designing a single stage to orbit hypersonic vehicle of revolutionary design and propulsion capability,Unknown,13.844999999999999,United States,1,0,0,0,1,0,0,0,0,0,0,1,1
X-Bow Launch Systems,4,0,0.0,0,,Small,LEO,Rocket,United States,"Huntsville, AL",Dedicated to providing affordable access to orbit for commercial and government payloads,Unknown,13.844999999999999,United States,0,0,1,0,1,0,0,0,0,0,1,0,1
Stratobooster,1,0,0.0,0,,Small,LEO,"Balloon, Rocket",United Kingdom,"Middlesbrough, England",Launching small satellites into space using high altitude balloons,Unknown,13.844999999999999,United Kingdom,0,0,1,0,1,0,0,1,0,0,1,0,1
Dawn Aerospace,6,100,0.0,0,4.54,Small,LEO,Spaceplane,Netherlands,Delft,Developing scalable and sustainable space transportation technology to become the backbone of the near space economy,Private (reported),4.54,Other,0,0,1,0,1,0,0,0,0,0,0,1,0
Seres Space Exploration Technology,1,20000,0.0,0,,Heavy,LEO,Rocket,China,Beijing,Developing a reusable launch vehicle named ‘Tianmeng’,Unknown,13.844999999999999,China,1,0,0,0,1,0,0,0,0,0,1,0,1
Pyramid Exploration Technologies,0,0,0.0,0,,Small,LEO,Rocket,South Africa,Polokwane,"Developing high-performance, low carbon micro launch vehicles",Unknown,13.844999999999999,Other,0,0,1,0,1,0,0,0,0,0,1,0,1
Astraius,2,800,0.0,0,,Small,LEO,"Plane, Rocket",United Kingdom,"London, England",Developing the UK’s first commercially operated horizontal launch company for small to medium size satellites,Unknown,13.844999999999999,United Kingdom,0,0,1,0,1,0,0,0,0,1,1,0,1
Space Vector,4,0,0.0,0,,Small,LEO,Rocket,United States,"Chatsworth, CA",Space Vector has launched 37 vehicles to date with program turnaround times as short as 8 months,Unknown,13.844999999999999,United States,0,0,1,0,1,0,0,0,0,0,1,0,1
Skyrora,6,500,12.6,25200,4.85,Small,LEO,Rocket,United Kingdom,"Edinburgh, Scotland",Cost effective small satellite launch services from the United Kingdom,Private (reported),4.85,United Kingdom,0,0,1,0,1,0,0,0,0,0,1,0,0
HyPrSpace,2,250,0.0,0,,Small,LEO,Rocket,France,Le Haillan,Developing a fleet of hybrid rockets for micro launch,Unknown,13.844999999999999,France,0,0,1,0,1,0,0,0,0,0,1,0,1
Landspace,7,4000,0.0,0,361.30,"Small, Medium",LEO,Rocket,China,Beijing,Commercial launch vehicle manufacturer and space launch provider in China,Private (reported),361.3,China,0,1,1,0,1,0,0,0,0,0,1,0,0
Sirius Space Services,3,800,0.0,0,,Small,LEO,Rocket,France,Puteaux,"Developing a range of sustainable, reusable launchers dedicated to the launch of small satellites",Unknown,13.844999999999999,France,0,0,1,0,1,0,0,0,0,0,1,0,1
EOS-X,2,0,0.0,0,,Tourism,Suborbital,Balloon,Spain,Madrid,Revolutionizing near space tourism and opening it to a greater audience,Unknown,13.844999999999999,Other,0,0,0,1,0,0,1,1,0,0,0,0,1
Venture Orbital Systems,3,80,0.0,0,0.91,Small,LEO,Rocket,France,Paris,"Developing a reactive, reliable and cost-efficient nano-launcher",Private (reported),0.91,France,0,0,1,0,1,0,0,0,0,0,1,0,0
United Launch Alliance,9,17800,99.0,5562,Joint Venture,"Medium, Heavy",LEO,Rocket,United States,"Centennial, CO","A joint venture between Lockheed Martin and Boeing, ULA produces the Vulcan, Atlas and Delta Launch Vehicle Families",Joint Venture,13.844999999999999,United States,1,1,0,0,1,0,0,0,0,0,1,0,1
SpaceLoon,0,0,0.0,0,,Small,Suborbital,Balloon,United States,"Miami, FL",Building a ballooning platform to offer novel access to the mesosphere,Unknown,13.844999999999999,United States,0,0,1,0,0,0,1,1,0,0,0,0,1
Velontra,2,0,0.0,0,,,LEO,Spaceplane,United States,"Cincinnati, OH",Building a hypersonic space plane that can takeoff from anywhere in any weather,Unknown,13.844999999999999,United States,0,0,0,0,1,0,0,0,0,0,0,1,1
Northrop Grumman,9,8000,80.0,10000,Public,"Small, Medium",LEO,Rocket,United States,"Falls Church, VA","Designs, manufactures, and operates launch vehicles, propulsion systems, and satellites and related components",Public,13.844999999999999,United States,0,1,1,0,1,0,0,0,0,0,1,0,1
Deep Blue Aerospace,6,4500,0.0,0,45.60,"Small, Medium",LEO,Rocket,China,Beijing,Committed to reducing the cost of entering space via reusable launch products,Private (reported),45.6,China,0,1,1,0,1,0,0,0,0,0,1,0,0
Exodus Space Corp,3,1200,0.0,0,0.30,Small,LEO,Spaceplane,United States,"Denver, CO",Developing the Horizontal Takeoff Horizontal Landing (HTHL) AstroClipper for the future of commercial space transportation,Private (reported),0.3,United States,0,0,1,0,1,0,0,0,0,0,0,1,0
CNIM Air Space,9,2700,0.0,0,Public,"Small, Medium",Suborbital,Balloon,France,Ayguesvives,Balloons that lift anything from a few kilograms to several tons and are able to operate at an altitude as low as a few hundred metres or as high as 40 km,Public,13.844999999999999,France,0,1,1,0,0,0,1,1,0,0,0,0,1
Masten Space Systems,6,200,0.0,0,,Small,Suborbital,Rocket,United States,"Mojave, CA",Buildig the Xogdor rocket to test payloads at supersonic speeds and at the edge of space,Unknown,13.844999999999999,United States,0,0,1,0,0,0,1,0,0,0,1,0,1
LongShot*,3,0,0.0,0,,Small,LEO,Other,United States,,Developing a non-traditional hypervelocity launch system,Unknown,13.844999999999999,United States,0,0,1,0,1,0,0,0,1,0,0,0,1
AvalonSpace,1,0,0.0,0,,,,Rocket,United Kingdom,"Bristol, England",Vertically launching low-cost orbital payloads from the UK,Unknown,13.844999999999999,United Kingdom,0,0,0,0,0,0,0,0,0,0,1,0,1
Orbit Boy,3,200,0.0,0,,Small,LEO,"Plane, Rocket",United Kingdom,"London, England",On-demand air launch system utilizing standard transport aircrafts from any airport,Unknown,13.844999999999999,United Kingdom,0,0,1,0,1,0,0,0,0,1,1,0,1
R3 Aerospace,2,0,0.0,0,,Small,LEO,Rocket,United States,"Tucson, AZ",Developing exciting new space technologies,Unknown,13.844999999999999,United States,0,0,1,0,1,0,0,0,0,0,1,0,1
Swedish Space Corp,9,2000,0.0,0,,Small,Suborbital,"Balloon, Rocket",Sweden,Solna,"SSC designs sounding rocket vehicles, stratospheric balloon systems, and payloads",Unknown,13.844999999999999,Other,0,0,1,0,0,0,1,1,0,0,1,0,1
Black Arrow Space Technologies,2,500,10.0,20000,0.10,Small,LEO,Rocket,United Kingdom,"Swindon, England",Developing a unique seaborne launch system,Private (reported),0.1,United Kingdom,0,0,1,0,1,0,0,0,0,0,1,0,0
Vector,2,200,0.0,0,,Small,LEO,Rocket,United States,"Huntington Beach, CA",Developing suborbital and orbital launch vehicles,Unknown,13.844999999999999,United States,0,0,1,0,1,0,0,0,0,0,1,0,1
Arianespace/Avio,9,20000,170.0,8500,Public,"Medium, Heavy",LEO,Rocket,Italy,Colleferro,Developing the Vega & Ariane launch vehicles,Public,13.844999999999999,Other,1,1,0,0,1,0,0,0,0,0,1,0,1
SpaceHorizon,2,1200,0.0,0,,Small,LEO,Rocket,Canada,"Ottawa, Ontario","Striving to design, build, and launch rockets, in and from Canada",Unknown,13.844999999999999,Other,0,0,1,0,1,0,0,0,0,0,1,0,1
Pangea Aerospace,4,300,4.54,15133,7.10,Small,LEO,Rocket,Spain,Barcelona,"Enabling Low cost access to space with the Aerospike engined reusable Small satellite launch vehicle ""MESO""",Private (reported),7.1,Other,0,0,1,0,1,0,0,0,0,0,1,0,0
Hudson Space Systems,3,80,0.76,9500,0.10,Small,Suborbital,Rocket,United States,"Hoboken, NJ",Developing a next generation of reusable launch vehicles for microgravity research,Private (reported),0.1,United States,0,0,1,0,0,0,1,0,0,0,1,0,0
CosmoCourse,4,434,1.5,0,,Tourism,Suborbital,Rocket,Russia,Moscow,Creating a reusable suborbital space complex for tourist flights into space,Unknown,13.844999999999999,Other,0,0,0,1,0,0,1,0,0,0,1,0,1
INNOSPACE,5,1000,20.0,20000,28.40,Small,LEO,Rocket,South Korea,Sejong City,Developing hybrid small satellite launch vehicles,Private (reported),28.4,Other,0,0,1,0,1,0,0,0,0,0,1,0,0
Tehiru,1,300,0.0,0,,Small,LEO,"Plane, Rocket",United States,"New York, NY","Developing a hybrid, modular, affordable & air-launched rocket system that uses electric landing for reusability",Unknown,13.844999999999999,United States,0,0,1,0,1,0,0,0,0,1,1,0,1
Exos Aerospace,6,100,0.0,0,9.09,Small,Suborbital,Rocket,United States,"Caddo Mills, TX","Selling reusable launch vehicles for small, sub-orbital scientific/experimental payloads",Private (reported),9.09,United States,0,0,1,0,0,0,1,0,0,0,1,0,0
Zero 2 Infinity,6,0,0.0,0,13.83,Tourism,Suborbital,Balloon,Spain,Barcelona,Developing a zero-emission space tourism platform,Private (reported),13.83,Other,0,0,0,1,0,0,1,1,0,0,0,0,0
Tachyon Aerospace,2,0,0.0,0,,,LEO,Other,United Kingdom,"London, England",Developing the Trans-Atmospheric Flight Vehicle (TAV 1),Unknown,13.844999999999999,United Kingdom,0,0,0,0,1,0,0,0,1,0,0,0,1
VALT Enterprises,2,25,1.7,68000,,Small,LEO,Rocket,United States,"Sanford, ME",Hypersonic Delivery Systems: Suborbital & Orbital Missions,Unknown,13.844999999999999,United States,0,0,1,0,1,0,0,0,0,0,1,0,1
T-Minus,7,45,0.0,0,,Small,Suborbital,Rocket,Netherlands,Delft,"Offering commercial suborbital platforms for scientific research, commercial applications, and defense",Unknown,13.844999999999999,Other,0,0,1,0,0,0,1,0,0,0,1,0,1
Stoke Space Technologies,7,500,0.0,0,74.10,Small,LEO,Rocket,United States,"Seattle, WA",Developinig the world's first 100% reusable rocket,Private (reported),74.1,United States,0,0,1,0,1,0,0,0,0,0,1,0,0
S-Motor,2,160,0.0,0,,Small,LEO,Rocket,China,Beijing,Developing a three-stage solid-propellant launch vehicle,Unknown,13.844999999999999,China,0,0,1,0,1,0,0,0,0,0,1,0,1
Stratolaunch,4,0,0.0,0,,,LEO,Spaceplane,United States,"Seattle, WA","Developing Black Ice, a fully reusable space plane initially optimized for cargo launch",Unknown,13.844999999999999,United States,0,0,0,0,1,0,0,0,0,0,0,1,1
Space Walker,4,100,0.0,0,4.98,Small,Suborbital,Spaceplane,Japan,"Minato, Tokyo",Developing a sub-orbital spaceplane for scientific missions,Private (reported),4.98,Other,0,0,1,0,0,0,1,0,0,0,0,1,0
WAGNER Star Industries,4,1500,3.0,2000,,Small,LEO,Spaceplane,United States,"St Petersburg, FL","WAGNER is a simple, reliable, low-cost launch systems company",Unknown,13.844999999999999,United States,0,0,1,0,1,0,0,0,0,0,0,1,1
SpinLaunch,6,100,0.5,5000,150.00,Small,LEO,Other,United States,"Long Beach, CA",Small satellite space launch via a kinetic launch system,Private (reported),150.0,United States,0,0,1,0,1,0,0,0,1,0,0,0,0
Thor Launch Systems (by 8 Rivers),3,0,0.0,0,,,LEO,Other,United States,"Durham, NC",Enabling the mass commercialization of space by moving beyond chemical rockets,Unknown,13.844999999999999,United States,0,0,0,0,1,0,0,0,1,0,0,0,1
0-G Launch,3,0,0.0,25000,,Small,LEO,"Plane, Rocket",United States,"Washington, D.C.",Developing the Space Jet air-launch platform,Unknown,13.844999999999999,United States,0,0,1,0,1,0,0,0,0,1,1,0,1
Space Transportation (Lingkong Tianxing),4,1000,0.0,0,18.00,Small,LEO,"Rocket, Spaceplane",China,Beijing,Launcher manufacturer aimed at developing reusable vehicles for small payloads,Private (reported),18.0,China,0,0,1,0,1,0,0,0,0,0,1,1,0
Space Railway Corporation,0,0,0.0,0,,,LEO,Other,United States,"Fort Worth, TX","Developing a proposed ""railway"" to space that is safer, cheaper, and greener than rockets",Unknown,13.844999999999999,United States,0,0,0,0,1,0,0,0,1,0,0,0,1
Hybrid Propulsion,1,250,4.0,16000,,Small,LEO,Rocket,France,Talence,Developing a solution for quick missions to LEO,Unknown,13.844999999999999,France,0,0,1,0,1,0,0,0,0,0,1,0,1
LinkSpace,5,200,4.5,22500,,Small,LEO,Rocket,China,Beijing,Developing reusable launch vehicle technology for orbital payloads in China,Unknown,13.844999999999999,China,0,0,1,0,1,0,0,0,0,0,1,0,1
Gloyer-Taylor Labs,3,0,0.0,300,,,LEO,Rocket,United States,"Tullahoma, TN",Developing the Advanced Cryognic Expendable (ACE) launch vehicle,Unknown,13.844999999999999,United States,0,0,0,0,1,0,0,0,0,0,1,0,1
STAR Orbitals,2,150,0.0,0,,Small,LEO,Rocket,India,"Surat, Gujarat",Developing the Phoenix small launch vehicle,Unknown,13.844999999999999,India,0,0,1,0,1,0,0,0,0,0,1,0,1
Deywoss One,0,200,0.0,0,,Small,LEO,Spaceplane,United States,"Merepoint, ME","Developing PROTEUS, an innovative hybrid and autonomous launcher for small sats",Unknown,13.844999999999999,United States,0,0,1,0,1,0,0,0,0,0,0,1,1
Agnikul Cosmos,4,100,1.2,12000,14.58,Small,LEO,Rocket,India,"Chennai, Tamil Nadu","Designing, manufacturing, and launching orbital-class launch vehicles",Private (reported),14.58,India,0,0,1,0,1,0,0,0,0,0,1,0,0
Radian Aerospace*,4,2265,0.0,0,27.50,Medium,LEO,Spaceplane,United States,"Renton, WA",Developing the Radian One spaceplane to carry people and cargo to and from orbit,Private (reported),27.5,United States,0,1,0,0,1,0,0,0,0,0,0,1,0
One Space,6,200,3.2,16000,116,Small,LEO,Rocket,China,Beijing,Building a private 3-stage nanosatellite launch vehicle in China,Private (reported),116.0,China,0,0,1,0,1,0,0,0,0,0,1,0,0
HyImpulse,5,500,7.78,15560,9.70,Small,LEO,Rocket,Germany,Kochen,"Developing an orbital small launcher, powered by a unique, green hybrid propulsion technology",Private (reported),9.7,Other,0,0,1,0,1,0,0,0,0,0,1,0,0
Space Ops,2,10,0.0,0,,Small,LEO,Rocket,Australia,"Redfern, New South Wales",Developing a reusable two-stage orbital-class launch vehicle,Unknown,13.844999999999999,Other,0,0,1,0,1,0,0,0,0,0,1,0,1
Vellon Space,2,50,0.0,0,,Small,LEO,"Plane, Rocket",India,"Madurai, Tamil Nadu",Developing a series of Launch Vehicles based on high-altitude air launch,Unknown,13.844999999999999,India,0,0,1,0,1,0,0,0,0,1,1,0,1
Bellatrix Aerospace,4,150,2.0,13333,11.00,Small,LEO,Rocket,India,"Bangalore, Karnataka",Orbital launch vehicles (rockets) and electric propulsion systems,Private (reported),11.0,India,0,0,1,0,1,0,0,0,0,0,1,0,0
The Rocket & Satellite Company,0,0,0.0,0,,,LEO,Rocket,Pakistan,Karachi,Offering low-cost space launch systems,Unknown,13.844999999999999,Other,0,0,0,0,1,0,0,0,0,0,1,0,1
ESC Aerospace,2,0,0.0,50,,,LEO,Other,United States,"Orlando, FL",Enabling transportation to LEO,Unknown,13.844999999999999,United States,0,0,0,0,1,0,0,0,1,0,0,0,1
Fore Dynamics,2,200,0.0,0,,Small,LEO,Rocket,United States,"Placentia, CA","Affordable and reliable small satellite launch system for LEO, SSO, and GEO missions",Unknown,13.844999999999999,United States,0,0,1,0,1,0,0,0,0,0,1,0,1
Reaction Dynamics,3,150,0.0,30000,1.15,Small,LEO,Rocket,Canada,"St. Laurent, Quebec",Making it affordable for companies and universities to launch small satellites into orbit,Private (reported),1.15,Other,0,0,1,0,1,0,0,0,0,0,1,0,0
Reaction Engines,5,17000,0.0,860,95.37,Medium,LEO,Spaceplane,United Kingdom,"Abingdon, England",Developing the re-usable Skylon spaceplane powered by SABRE propulsion,Private (reported),95.37,United Kingdom,0,1,0,0,1,0,0,0,0,0,0,1,0
Galactic Energy,9,5000,0.0,14400,243.00,"Small, Medium",LEO,Rocket,China,,Developing the Ceres-1 and Pallas-1 launch vehicles,Private (reported),243.0,China,0,1,1,0,1,0,0,0,0,0,1,0,0
Spaceborne,1,0,0.0,0,,,LEO,Rocket,Uzbekistan,Tashkent,"Building low cost, single stage and highly reusable launch vehicles",Unknown,13.844999999999999,Other,0,0,0,0,1,0,0,0,0,0,1,0,1
Blue Origin,9,0,0.0,0,,"Tourism, Small, Heavy",Suborbital,Rocket,United States,"Kent, WA",Lowering the cost of access to space with reusable launch vehicles,Unknown,13.844999999999999,United States,1,0,1,1,0,0,1,0,0,0,1,0,1
Trans Space Travels,1,0,0.0,0,,,Suborbital,Spaceplane,Germany,Bayreuth,"Developing SOL ASPIRET, a suborbital spaceplane",Unknown,13.844999999999999,Other,0,0,0,0,0,0,1,0,0,0,0,1,1
Orbex,5,220,0.0,0,39.53,Small,LEO,Rocket,United Kingdom,"London, England","Launch services for small, micro and nano satellites",Private (reported),39.53,United Kingdom,0,0,1,0,1,0,0,0,0,0,1,0,0
Stofiel Aerospace,4,250,5.0,20000,,Small,LEO,"Balloon, Rocket",United States,"St. Louis, MO",Balloon-based small satellite launcher,Unknown,13.844999999999999,United States,0,0,1,0,1,0,0,1,0,0,1,0,1
PLD Space,6,300,0.0,0,27.14,Small,LEO,Rocket,Spain,Elche,"A Euro startup developing tech for suborbital & orbital launch services, dedicated to small payloads and nanosatellites",Private (reported),27.14,Other,0,0,1,0,1,0,0,0,0,0,1,0,0
Raptor Aerospace,9,16,0.0,0,,Small,Suborbital,Rocket,United Kingdom,"Badersfield, England",Developing suborbital rockets to proide access and research for traditional and ‘New-Space’ markets,Unknown,13.844999999999999,United Kingdom,0,0,1,0,0,0,1,0,0,0,1,0,1
Space One (by Canon),3,240,0.0,0,Joint Venture,Small,LEO,Rocket,Japan,"Tokyo, Tokyo","Joint venture between Canon Electronics, IHI Aerospace, Shimizu, and Development Bank of Japan",Joint Venture,13.844999999999999,Other,0,0,1,0,1,0,0,0,0,0,1,0,1
Beyond Earth,3,30,0.9,30000,,Small,LEO,Rocket,United States,"Menlo Park, CA",Providing rapid response small satellite launch vehicles for government and commercial customers,Unknown,13.844999999999999,United States,0,0,1,0,1,0,0,0,0,0,1,0,1
VSAT Aerospace,4,100,3.0,30000,,Small,LEO,Rocket,Brazil,"Santo André, São Paulo",Delivering payloads to low Earth orbit,Unknown,13.844999999999999,Other,0,0,1,0,1,0,0,0,0,0,1,0,1
Rocketplane Global,1,3000,0.0,0,,Medium,LEO,Spaceplane,United States,"Green Bay, WI",Spaceplane based satellite launch,Unknown,13.844999999999999,United States,0,1,0,0,1,0,0,0,0,0,0,1,1
SpaceTrek,1,240,0.0,0,,Small,LEO,Rocket,China,Beijing,Customized launch services for sub-orbital and orbital payloads,Unknown,13.844999999999999,China,0,0,1,0,1,0,0,0,0,0,1,0,1
ARCA Space Corporation,3,100,1.0,10000,,Small,LEO,Rocket,United States,"Las Cruces, NM",Single Stage to Orbit (SSTO) rocket leveraging aerospike engine technology launching to low earth orbit,Unknown,13.844999999999999,United States,0,0,1,0,1,0,0,0,0,0,1,0,1
Rocket Lab,9,300,4.9,16333,257.31,Small,LEO,Rocket,United States,"Long Beach, CA",The first rocket company and launch site for cubesat payloads in New Zealand,Private (reported),257.31,United States,0,0,1,0,1,0,0,0,0,0,1,0,0
Virgin Galactic/The Spaceship Company,9,372,1.5,4032,Public,Tourism,Suborbital,Spaceplane,United States,"Mojave, CA",Building a fleet of WhiteKnightTwo carrier aircraft and SpaceShipTwo reusable spaceships,Public,13.844999999999999,United States,0,0,0,1,0,0,1,0,0,0,0,1,1
Zephalto,5,0,0.0,0,,Tourism,Suborbital,Balloon,France,Le Pouget,Providing passengers with a trip into the stratosphere,Unknown,13.844999999999999,France,0,0,0,1,0,0,1,1,0,0,0,0,1
Launch Tech Space,1,0,0.0,0,,Small,LEO,Other,United States,"Pasadena, CA","Developing an eco friendly, electromagnetic space launch system",Unknown,13.844999999999999,United States,0,0,1,0,1,0,0,0,1,0,0,0,1
New Rocket Technologies,2,500,9.0,18000,,Small,LEO,Rocket,Russia,Moscow,"Building light, two-stage rockets for small satellite launch",Unknown,13.844999999999999,Other,0,0,1,0,1,0,0,0,0,0,1,0,1
iSpace,8,300,5.0,16667,275.00,Small,LEO,Rocket,China,Beijing,iSpace is a Chinese private space launch company developing the Hyperbola rocket family,Private (reported),275.0,China,0,0,1,0,1,0,0,0,0,0,1,0,0
Pythom,4,100,1.2,12000,0.75,Small,LEO,Rocket,United States,"Bishop, CA","Pythom is creating a custom-built, two-person craft to explore Mars",Private (reported),0.75,United States,0,0,1,0,1,0,0,0,0,0,1,0,0
Project S3,1,250,0.0,0,,Small,,Spaceplane,Croatia,Zagreb,Aiming to provide orbital launches of small satellites for the most affordable prices,Unknown,13.844999999999999,Other,0,0,1,0,0,0,0,0,0,0,0,1,1
POLARIS,2,1150,0.0,0,,Small,LEO,Spaceplane,Germany,,"Developing a novel, reusable hypersonic and space launch system",Unknown,13.844999999999999,Other,0,0,1,0,1,0,0,0,0,0,0,1,1
Forever Space,1,0,0.05,0,,Small,Lunar,Other,United States,"San Francisco, CA",Developing the Otis electric vehicle for civil space transportation,Unknown,13.844999999999999,United States,0,0,1,0,0,1,0,0,1,0,0,0,1
Suborbitality,1,75,0.0,5000,,Small,Suborbital,Rocket,Czech Republic,Prague,"Creating a dedicated, reusable, and low-cost suborbital rocket",Unknown,13.844999999999999,Other,0,0,1,0,0,0,1,0,0,0,1,0,1
bluShift Aerospace,4,30,0.0,0,,Small,LEO,Rocket,United States,"Brunswick, ME",Developing a unique line of rockets powered by bio-derived fuels to launch tiny satellites into space,Unknown,13.844999999999999,United States,0,0,1,0,1,0,0,0,0,0,1,0,1
Rocket Factory Augsburg (by OHB),5,1350,0.0,0,,Small,LEO,Rocket,Germany,Augsburg,Offering hassle-free space transportation to dedicated orbits,Unknown,13.844999999999999,Other,0,0,1,0,1,0,0,0,0,0,1,0,1
RocketStar,3,300,6.0,20000,,Small,LEO,Rocket,United States,"New York, NY","We offer rideshare and dedicated launch opportunities at severe discounts to other launch providers, and can go from first conversation to launch in 18 months or less",Unknown,13.844999999999999,United States,0,0,1,0,1,0,0,0,0,0,1,0,1
Orienspace,5,6500,0.0,0,171.90,Medium,LEO,Rocket,China,,Developing the sea-launched Gravity-1 vehicle,Private (reported),171.9,China,0,1,0,0,1,0,0,0,0,0,1,0,0
Timewarp Space,0,150,0.0,0,,Small,LEO,Rocket,India,"Bangalore, Karnataka",Dedicated to providing frequent and reliable space access,Unknown,13.844999999999999,India,0,0,1,0,1,0,0,0,0,0,1,0,1
Vaya Space,5,1000,9.0,9000,9.00,Small,LEO,Rocket,United States,"Cocoa, FL","Offering flexible launch capability with a cycle of less than thirty days to build, integrate, and launch",Private (reported),9.0,United States,0,0,1,0,1,0,0,0,0,0,1,0,0
Maritime Launch Services,5,5000,45.0,9000,,Medium,LEO,Rocket,Canada,"Halifax, Nova Scotia","Building up Canada's NewSpace industry as the first private launch provider in Canso, Nova Scotia",Unknown,13.844999999999999,Other,0,1,0,0,1,0,0,0,0,0,1,0,1
Advanced Rockets Corp,3,25000,4.1,164,0.07,Heavy,LEO,Rocket,United States,"Los Angeles, CA",The Dynamics Enhanced Launch Vehicle is designed for a life of over 400 reuses with very minimal maintenance and rapid turnarounds,Private (reported),0.07,United States,1,0,0,0,1,0,0,0,0,0,1,0,0
ABL Space Systems,7,1350,12.0,8889,420.00,Small,LEO,Rocket,United States,"El Segundo, CA",Building rockets to launch small satellites,Private (reported),420.0,United States,0,0,1,0,1,0,0,0,0,0,1,0,0
Sugarhouse Aerospace,5,50,0.25,5000,,Small,Suborbital,Rocket,United States,"Springville, UT",Sugarhouse Aerospace is built on a simple idea - space shouldn't be reserved for governments and billionaires,Unknown,13.844999999999999,United States,0,0,1,0,0,0,1,0,0,0,1,0,1
Space One,0,0,0.0,0,,,LEO,Other,Luxembourg,Luxembourg,Developing electromagnetic launch systems to change how we launch payloads into space,Unknown,13.844999999999999,Other,0,0,0,0,1,0,0,0,1,0,0,0,1
IO Aircraft,2,63500,28.0,441,,"Medium, Heavy",LEO,Spaceplane,United States,"Ankeny, IA","Developing single stage to orbit, fixed wing, hypersonic aircraft",Unknown,13.844999999999999,United States,1,1,0,0,1,0,0,0,0,0,0,1,1
Space Forest,6,50,0.0,4500,,Small,Suborbital,Rocket,Poland,Gdynia,Commercializing new suborbital rocket technologies,Unknown,13.844999999999999,Other,0,0,1,0,0,0,1,0,0,0,1,0,1
Marcom,1,1000,8.0,8000,,Small,LEO,Rocket,South Africa,Johannesburg,Developing the Cheetah small launch vehicle,Unknown,13.844999999999999,Other,0,0,1,0,1,0,0,0,0,0,1,0,1
LEO Launcher,0,680,0.0,0,,Small,LEO,"Plane, Rocket",United States,"Houston, TX",Long range heavy lift aircraft horizontal launches,Unknown,13.844999999999999,United States,0,0,1,0,1,0,0,0,0,1,1,0,1
Astra Space,9,300,3.95,13167,Public,Small,LEO,Rocket,United States,"Alameda, CA",Providing routine launch access to Earth orbit for entrepreneurs and enterprises,Public,13.844999999999999,United States,0,0,1,0,1,0,0,0,0,0,1,0,1
Perigee Aerospace,5,65,2.0,30769,13.86,Small,LEO,Rocket,South Korea,Daejeon,"Developing Blue Whale 1, a micro launch vehicle",Private (reported),13.86,Other,0,0,1,0,1,0,0,0,0,0,1,0,0
CubeSat Solutions,1,50,0.0,0,,Small,Suborbital,Rocket,Thailand,Chiang Mai,"Designer of low-weight, low-cost satellites and small launching vehicles",Unknown,13.844999999999999,Other,0,0,1,0,0,0,1,0,0,0,1,0,1
LIA Aerospace,2,150,0.0,25000,,Small,LEO,Rocket,Argentina,,Creating the small-sat launch vehicle of the future,Unknown,13.844999999999999,Other,0,0,1,0,1,0,0,0,0,0,1,0,1
Enter Space,1,3000,0.0,1000,,Medium,LEO,Spaceplane,Australia,"Sydney, New South Wales","Developing technology for cost effective, reliable, and frequent access to space",Unknown,13.844999999999999,Other,0,1,0,0,1,0,0,0,0,0,0,1,1
Phoenix Launch Systems,3,31,0.75,34000,0.50,Small,LEO,Rocket,United States,"Las Vegas, NV",Developing responsive launch services and products for the nanosatellite industry,Private (reported),0.5,United States,0,0,1,0,1,0,0,0,0,0,1,0,0
Laros,3,150,3.0,20000,,Small,LEO,Rocket,Russia,Moscow,Developing the LAROS-RC2 orbital carrier and accompanying mobile launch infrastructure,Unknown,13.844999999999999,Other,0,0,1,0,1,0,0,0,0,0,1,0,1
Astron Systems,2,360,1.5,4167,,Small,LEO,Rocket,United Kingdom,"Thame, England","Bringing about the next generation of low-cost, reusable launch vehicles",Unknown,13.844999999999999,United Kingdom,0,0,1,0,1,0,0,0,0,0,1,0,1
Acrux Aerospace Technologies,3,25,1.0,40000,0.05,Small,LEO,Rocket,Brazil,"Iguassu Falls, Paraná",Designing the Montenegro nanolauncher for launches at a very competitive price,Private (reported),0.05,Other,0,0,1,0,1,0,0,0,0,0,1,0,0
Space Darts,4,100,0.1,1000,15.00,Small,LEO,Rocket,Russia,Moscow,Mass production of on-demand launchers for small sats,Private (reported),15.0,Other,0,0,1,0,1,0,0,0,0,0,1,0,0
CubeCab,2,5,0.25,50000,,Small,LEO,Rocket,United States,"Mountain View, CA",LEO launch provider for 3U cubesats,Unknown,13.844999999999999,United States,0,0,1,0,1,0,0,0,0,0,1,0,1
United Frontiers,0,500,0.0,2000,,Small,LEO,Rocket,United States,"Port Canaveral, FL","SpaceBox is a suborbital launch and recovery platform designed to enable affordable access to space for educational, professional, consumer and hobbyist payloads",Unknown,13.844999999999999,United States,0,0,1,0,1,0,0,0,0,0,1,0,1
Sierra Space,8,5000,0.0,0,1400.00,Medium,LEO,Spaceplane,United States,"Broomfield, CO","Developing Dream Chaser, a multi-mission space utility vehicle designed to transport crew and cargo to low-Earth orbit",Private (reported),1400.0,United States,0,1,0,0,1,0,0,0,0,0,0,1,0
Pipeline2Space (by HyperSciences),4,10,1.0,100000,,Small,LEO,Other,United States,"Spokane, WA",Using RAM-accelerators to change the economics of space launch,Unknown,13.844999999999999,United States,0,0,1,0,1,0,0,0,1,0,0,0,1
Ripple Aerospace,3,2600,0.0,0,,Medium,LEO,Rocket,Norway,Kristiansand,"Bringing back the ""sea-launch"" concept with full-force!",Unknown,13.844999999999999,Other,0,1,0,0,1,0,0,0,0,0,1,0,1
Virgin Orbit/VOX Space,9,500,12.0,24000,,Small,LEO,"Plane, Rocket",United States,"Long Beach, CA",The small payload orbital launch sister company to Virgin Galactic,Unknown,13.844999999999999,United States,0,0,1,0,1,0,0,0,0,1,1,0,1
C6 Launch Systems,3,30,0.0,0,,Small,LEO,Rocket,Canada,"Toronto, Ontario",Provding dedicated launch services for cube and nanosatellites,Unknown,13.844999999999999,Other,0,0,1,0,1,0,0,0,0,0,1,0,1
SpaceTaxi,0,0,0.0,0,,Tourism,Suborbital,Rocket,India,Delhi,Aiming to provide affordable space tourism and rocket launch services,Unknown,13.844999999999999,India,0,0,0,1,0,0,1,0,0,0,1,0,1
Phantom Space,3,450,0.0,0,5.00,Small,LEO,Rocket,United States,"Tucson, AZ",Revolutionizing the way we transport satellites and space assets into space,Private (reported),5.0,United States,0,0,1,0,1,0,0,0,0,0,1,0,0
